,B Cell (CD24- CD27- CD38-),B Cell (Memory),B Cell (Naive),B Cell (Plasmablast),B Cell (Transitional),Basophil,CD4+ T Cell (Central Memory),CD4+ T Cell (EMRA),CD4+ T Cell (Effector Memory),CD4+ T Cell (Naive),CD4+ T Cell (Treg),CD4- CD8- T Cell,CD8+ T Cell (Central Memory),CD8+ T Cell (EMRA),CD8+ T Cell (Effector Memory),CD8+ T Cell (Naive),"Dendritic Cell (Type 2, CD1c+)",Granulocyte,Monocyte (CD14+ CD16+),Monocyte (CD14+ CD16-),Monocyte (CD14- CD16+),NK Cell (CD56+ CD16+),NK Cell (CD56+ CD16-),NKT Cell,Plasmacytoid Dendritic Cell,gd T Cell
APCDD1,0.3024,0.1677,0.4854,0.253,0.3134,0.7704,0.1189,0.0359,0.103,0.0844,0.0839,0.1302,0.0821,0.036,0.0365,0.0646,0.8926,0.133,1.5335,1.9075,0.3513,0.0123,0.0363,0.0547,0.283,0.1153
ArmenianHamsterIgGIsotypeCtrl,0.1758,0.2093,0.1344,0.2491,0.1965,0.112,0.2051,0.1929,0.2202,0.1747,0.1685,0.1876,0.1417,0.123,0.1193,0.1475,0.4341,0.1954,0.412,0.3905,0.3095,0.2013,0.2218,0.1477,0.2847,0.1961
B7H4,0.8804,1.2556,0.6341,1.0598,0.7397,0.7646,1.8213,1.4375,2.0129,1.268,1.8841,1.28,1.3504,1.1898,1.1944,0.9892,1.4914,0.7239,1.763,1.754,1.5621,1.1882,1.2686,1.4172,1.3769,1.2086
BTLA,1.8103,1.7739,2.1613,1.6884,2.2349,0.001,0.8656,0.6633,0.8141,0.7935,0.3774,0.3187,0.4754,0.1076,0.3047,0.5817,1.4332,0.1336,1.8543,2.4683,0.3624,0.0367,0.0983,0.4131,2.0206,0.8876
C3AR,0.1086,0.1526,0.0371,0.1824,0.0662,1.1404,0.0844,0.0461,0.1502,0.0274,0.0621,0.1691,0.0856,0.0555,0.0928,0.0164,0.4158,0.3289,1.4979,1.1306,1.5401,0.1005,0.1099,0.1518,0.2362,0.1911
CCR10,0.3602,0.4837,0.2703,0.3945,0.3551,0.2364,0.2753,0.2364,0.3856,0.2338,0.3154,0.3786,0.2079,0.2701,0.1832,0.2412,1.6703,0.6252,3.1765,3.7446,1.0744,0.2733,0.4249,0.2226,0.3926,0.2357
CCR8,0.0807,0.1749,0.06,0.1956,0.1433,0.0344,0.0937,0.0584,0.144,0.0292,0.0944,0.0625,0.0731,0.0809,0.0782,0.0171,0.8014,0.1326,1.7891,2.1882,0.4108,0.0735,0.0953,0.1232,0.1823,0.1533
CCRL2,0.015,0.0876,0.0285,0.0688,0.0828,0.4157,0.0473,0.0529,0.0993,0.0159,0.0622,0.0866,0.0595,0.0387,0.0529,0.0052,0.9614,0.0951,1.7454,2.1501,0.5175,0.0483,0.1045,0.0829,0.2963,0.1797
CCXCKR,0.1507,0.1697,0.0416,0.126,0.0795,0.0858,0.049,0.0072,0.0563,0.0153,0.0334,0.099,0.0093,0.0164,0.0406,0.0057,0.572,0.0884,0.7101,0.6117,0.4729,0.0778,0.1201,0.0375,0.1526,0.1007
CD10,0.0571,0.1116,0.0985,0.0906,1.2775,0.0347,0.0358,0.0088,0.0549,0.0097,0.0235,0.033,0.0,0.0003,0.0,0.0027,0.1899,2.3328,0.2336,0.2207,0.1882,0.0458,0.0443,0.0013,0.2101,0.052
CD100,0.0804,0.1348,0.0857,0.1548,0.1491,0.3862,0.2228,0.225,0.1989,0.3541,0.1912,0.1613,0.1187,0.047,0.1041,0.2801,0.2967,0.1091,0.4463,0.3296,0.5,0.0973,0.2234,0.0789,0.178,0.1656
CD102,1.4351,1.5288,1.6081,1.7757,1.915,1.7668,1.455,1.414,2.0609,0.9532,1.7854,1.5485,1.5083,1.8793,1.7706,1.0734,2.8508,0.1771,3.2398,2.8475,2.9467,2.2468,1.7974,2.1549,0.4237,1.889
CD103,0.0104,0.0291,0.0,0.0585,0.0219,0.003,0.0262,0.0079,0.0612,0.0072,0.0389,0.001,0.0,0.0054,0.0064,0.0,0.1903,0.0,0.1869,0.2105,0.1365,0.0344,0.0392,0.0,0.0553,0.0145
CD104,0.0491,0.0191,0.0107,0.0715,0.0324,0.0035,0.0243,0.0841,0.0623,0.0148,0.0001,0.0316,0.0,0.0,0.0273,0.0098,0.5419,0.0251,1.4406,1.8634,0.2331,0.0055,0.0411,0.0049,0.0229,0.0497
CD105,0.1963,0.1049,0.1668,0.1529,0.1615,0.013,0.0583,0.0406,0.0854,0.025,0.024,0.0865,0.0333,0.007,0.0312,0.0094,1.0127,0.0,1.563,1.2391,0.6684,0.0883,0.1966,0.0234,0.3195,0.1115
CD106,0.0,0.0021,0.0,0.0259,0.0,0.0008,0.0,0.0,0.0,0.0,0.0037,0.0098,0.0,0.0,0.0,0.0,0.1256,0.0,0.1113,0.1167,0.1112,0.0017,0.0424,0.0,0.1079,0.0016
CD107a,1.3162,1.2106,1.069,1.3184,0.5649,1.2156,0.4907,0.6858,0.5274,0.4528,0.3922,0.6953,0.5913,0.7593,0.6938,0.42,0.6079,0.5099,1.7472,1.5904,1.2289,1.1921,1.1724,0.8263,0.7131,0.9076
CD107b,0.249,0.2152,0.2272,0.3549,0.1876,0.6035,0.109,0.1139,0.1373,0.068,0.0943,0.1375,0.1048,0.077,0.096,0.0648,0.368,0.445,0.7596,0.7439,0.4447,0.1868,0.2414,0.1312,0.3554,0.1465
CD109,0.0221,0.0345,0.0,0.045,0.0055,0.0307,0.0046,0.0,0.0204,0.0016,0.015,0.0258,0.0,0.0,0.0,0.0,0.1259,0.0,0.1897,0.1591,0.1253,0.0061,0.0582,0.0,0.0723,0.0065
CD111,0.0045,0.0231,0.0,0.0476,0.0,0.0079,0.0181,0.0378,0.0382,0.0079,0.0174,0.0262,0.0,0.0,0.0,0.0,0.1946,0.0,0.1798,0.248,0.1443,0.0344,0.0283,0.0004,0.3715,0.0097
CD112,0.0737,,0.0152,0.0627,0.0,,0.0603,0.0882,0.101,0.0123,0.0384,0.0416,0.0234,0.0193,0.0438,0.0093,0.4442,0.0219,0.4757,0.5236,0.2822,0.0344,0.0757,0.0139,,0.0437
CD114,0.0597,0.0615,0.0462,0.1159,0.0356,0.0441,0.0744,0.1007,0.0827,0.0226,0.0644,0.0369,0.0001,0.0349,0.0477,0.0196,0.2932,0.3826,0.4164,0.5658,0.2163,0.0585,0.0516,0.0291,0.206,0.0917
CD115,0.1103,0.079,0.0403,0.132,0.0486,0.0772,0.4804,0.384,0.4032,0.4372,0.2662,0.1294,0.0856,0.0161,0.0177,0.282,0.3328,0.0661,0.3457,0.3276,0.2825,0.0473,0.1223,0.1388,0.0904,0.1091
CD116,0.0216,0.0007,0.0462,0.0069,0.0555,1.3334,0.0217,0.0,0.04,0.0,0.0448,0.0497,0.0331,0.0867,0.0576,0.0,0.7381,0.0025,0.5582,0.6848,0.2322,0.6314,0.6148,0.0973,1.5628,0.2182
CD117,0.025,0.0496,0.0042,0.1162,0.0677,0.0452,0.0399,0.0389,0.048,0.0207,0.0222,0.0516,0.0097,0.0,0.0108,0.0171,0.3447,0.0446,0.4448,0.3389,0.3235,0.0513,0.1091,0.0194,0.4617,0.0428
CD119,0.0903,0.1538,0.0652,0.173,0.1319,0.1262,0.0674,0.1268,0.0986,0.0331,0.0498,0.2335,0.0716,0.0502,0.0776,0.0036,0.8627,0.1398,0.9112,0.757,0.5661,0.1271,0.0998,0.0923,0.6742,0.2001
CD11a,0.7616,0.7869,0.6551,0.9858,0.576,0.7931,1.375,1.6883,1.5037,1.1197,1.2358,1.4317,1.5375,1.6223,1.5634,1.1838,1.7372,0.8658,1.824,1.8232,1.7889,1.6312,1.584,1.6664,1.4839,1.6386
CD11b,0.0204,0.1847,0.0048,0.223,0.0249,0.7989,0.0395,0.312,0.1056,0.023,0.0238,0.072,0.0152,0.0873,0.0803,0.0034,0.4289,1.4977,1.6217,1.7597,0.4418,0.8612,0.9359,0.303,0.1278,0.2462
CD120b,0.287,0.2375,0.0703,0.2051,0.135,0.0321,0.1015,0.1195,0.1226,0.0519,0.1046,0.0664,0.057,0.0727,0.0555,0.0431,0.7714,0.0405,0.6577,0.8162,0.3588,0.0851,0.0798,0.0952,0.1309,0.0968
CD122,0.0092,0.0247,0.0,0.0561,0.0777,0.0292,0.0386,0.0844,0.0591,0.0045,0.0426,0.0705,0.0602,0.0732,0.0582,0.0,0.1674,0.039,0.2386,0.2733,0.1604,0.6675,0.7583,0.0926,0.1551,0.1569
CD123,0.1481,0.2431,0.2363,0.2186,0.2045,1.6215,0.0563,0.0618,0.0863,0.0125,0.0395,0.0551,0.0489,0.0304,0.0407,0.0186,0.7436,0.0526,0.7967,0.6134,0.9132,0.0876,0.1799,0.1229,1.5325,0.1219
CD123_Lyo,0.1067,0.0147,0.8672,0.0373,0.7672,5.3404,0.0,0.0,0.0,0.0,0.0,0.0012,0.0001,0.0006,0.0001,0.0002,1.1028,0.015,1.0832,0.23,2.3064,0.0,0.0002,0.0002,4.9668,0.0001
CD124,0.0926,0.0706,0.1935,0.1883,0.1573,0.0386,0.0493,0.0358,0.0795,0.0162,0.0144,0.0747,0.014,0.0435,0.038,0.0,0.5286,0.0803,1.437,2.0152,0.2217,0.0119,0.0726,0.0354,0.093,0.0759
CD126,0.8568,0.8989,0.8193,1.131,0.2571,1.0151,1.5213,1.0881,1.6501,1.253,1.3546,1.5859,1.6749,1.7727,1.7661,1.2099,2.3629,0.8535,2.2554,2.1917,1.9759,1.7756,1.6419,1.7293,1.8461,1.8371
CD127,0.8427,1.0907,0.7427,1.0839,1.208,1.8165,1.8031,1.3042,2.0059,1.5105,1.4946,1.7161,1.7727,1.7186,1.8069,1.4816,1.8922,2.4867,3.1315,3.1726,1.9223,2.254,2.2441,2.1626,1.5125,2.2442
CD127_Lyo,0.0,0.0001,0.0,0.0013,0.0,0.0001,1.3074,0.746,1.1336,1.197,0.1482,0.4713,0.4416,0.0003,0.1463,0.7891,0.0001,0.0589,0.0001,0.0,0.0005,0.0,0.0056,0.1441,0.0,0.4427
CD13,0.0494,0.3896,0.0,0.2124,0.0511,1.4911,0.029,0.0038,0.0987,0.0,0.0648,0.1196,0.0947,0.3427,0.1418,0.0076,1.1719,2.4937,2.5208,2.595,1.5385,1.4197,1.4452,0.694,0.115,0.464
CD130,0.0,0.0056,0.0,0.045,0.0024,0.0,0.0868,0.0482,0.0427,0.1714,0.0198,0.0,0.0,0.0,0.0,0.0317,0.2575,0.0243,0.9047,1.4058,0.1566,0.0095,0.014,0.0,0.0484,0.0
CD131,0.1359,0.2363,0.0842,0.2033,0.1973,1.994,0.1152,0.07,0.1369,0.0706,0.1092,0.1145,0.0742,0.0354,0.064,0.0611,0.3781,0.6562,0.4951,0.4988,0.3415,0.1015,0.1671,0.0448,1.0342,0.1389
CD134,0.0946,0.0665,0.0556,0.1227,0.1077,0.0601,0.2828,0.1016,0.4124,0.1109,0.2732,0.1235,0.0906,0.0684,0.0718,0.0745,0.2404,0.0022,0.3074,0.268,0.2095,0.1022,0.259,0.0822,0.2765,0.1386
CD135,0.0327,0.0552,0.0175,0.0864,0.0049,0.0321,0.0445,0.0481,0.0675,0.0299,0.0408,0.0355,0.0192,0.0,0.0,0.0028,0.2758,0.0226,0.2713,0.3209,0.1979,0.0419,0.0582,0.0259,0.1615,0.08
CD137,0.0174,0.0402,0.0206,0.1088,0.0722,0.0284,0.1466,0.0293,0.2008,0.0459,0.1084,0.1691,0.0551,0.1779,0.0594,0.0239,0.2113,1.3503,1.2137,0.3514,1.5394,2.2232,1.0422,0.1869,0.2383,0.5629
CD137L,0.0619,0.0339,0.0297,0.0903,0.0863,0.6316,0.1748,0.1369,0.2929,0.1312,0.2203,0.2914,0.2622,0.2768,0.3624,0.1387,0.5339,0.0762,0.6986,0.746,0.5385,0.8347,0.787,0.3008,0.9326,0.977
CD138,0.0934,0.1102,0.0458,0.1245,0.099,0.66,0.1663,0.1625,0.2173,0.1487,0.2034,0.2552,0.1781,0.1851,0.2091,0.1377,0.9837,0.1392,1.4867,1.5015,0.5338,0.146,0.1918,0.3203,0.9741,0.2512
CD14,0.0815,0.1129,0.0538,0.1585,0.0727,0.0857,0.0626,0.0378,0.0944,0.0406,0.063,0.1013,0.0328,0.0039,0.0097,0.0064,0.7425,1.7363,2.516,2.7499,0.8409,0.0963,0.1223,0.0353,0.1717,0.0965
CD140a,0.0521,0.0683,0.0211,0.0958,0.046,0.0059,0.0488,0.0458,0.0654,0.0247,0.0422,0.0566,0.0239,0.0187,0.0275,0.0108,0.1929,1.5723,0.4372,0.5776,0.2067,0.0435,0.1357,0.0239,0.2695,0.0592
CD140b,0.0253,0.0502,0.0264,0.1037,0.0349,0.0542,0.0567,0.061,0.0962,0.0326,0.052,0.0454,0.0202,0.0279,0.0226,0.0094,0.25,0.0487,0.4144,0.47,0.186,0.0651,0.0861,0.0135,0.1477,0.0767
CD141,0.0502,0.064,0.0116,0.0244,0.0962,0.0417,0.0543,0.0292,0.0891,0.03,0.0398,0.1048,0.016,0.0258,0.0086,0.0118,0.4533,0.0793,0.5366,0.4805,0.3745,0.0713,0.0664,0.026,0.3875,0.0387
CD141_Lyo,0.4228,0.7173,0.3595,0.6723,0.4425,0.0002,0.2517,0.334,0.2287,0.3904,0.2201,0.0515,0.1572,0.4153,0.1694,0.5217,0.516,0.2724,0.6436,0.2143,0.6068,0.2443,0.0524,0.2764,0.6729,0.0314
CD142,0.0279,0.0412,0.0082,0.03,0.0586,0.0744,0.0513,0.0374,0.076,0.0313,0.0429,0.0467,0.0231,0.0114,0.0254,0.0181,0.4114,0.3767,2.0242,2.0326,0.9933,0.0544,0.0664,0.0328,0.0807,0.0608
CD143,0.0537,0.0656,0.019,0.065,0.0269,0.0384,0.0729,0.0696,0.104,0.0237,0.0563,0.1036,0.0442,0.0079,0.0362,0.006,0.3708,0.3382,1.9401,2.0148,1.0354,0.065,0.1152,0.0264,0.1082,0.0622
CD144,0.0978,0.0767,0.0934,0.0408,0.1027,0.0041,0.0266,0.0087,0.051,0.0102,0.005,0.0576,0.0,0.0,0.0,0.0,0.491,0.3114,1.539,2.0643,0.2978,0.0109,0.0504,0.0154,0.0711,0.014
CD146,0.1434,0.1536,0.1126,0.2057,0.218,0.0761,0.1442,0.1336,0.1773,0.0919,0.1584,0.1243,0.1067,0.0793,0.0985,0.0923,0.3043,0.0512,0.372,0.3687,0.2994,0.1403,0.1922,0.131,0.2804,0.1262
CD148,0.4592,0.7814,0.3385,0.6372,0.8686,0.1401,0.2506,0.1756,0.327,0.1574,0.3005,0.3072,0.2173,0.1531,0.2284,0.1218,0.9246,1.5583,1.6746,1.7195,1.3572,0.2257,0.3689,0.2177,0.7152,0.3051
CD14_Lyo,0.0908,0.1733,0.0591,0.1761,0.0979,0.0005,0.0002,0.0013,0.0002,0.0017,0.0003,0.0003,0.0059,0.0461,0.0065,0.0209,0.0959,0.1258,2.8751,3.3562,0.1542,0.0463,0.0724,0.0374,0.0173,0.0049
CD15,0.0514,0.1106,0.0101,0.2047,0.0621,0.0625,0.0687,0.0602,0.0735,0.0433,0.0521,0.0906,0.0245,0.0662,0.0526,0.0157,0.2468,2.7504,1.3372,0.5472,1.6493,1.5692,0.446,0.1969,0.1371,0.2986
CD150,0.1148,0.0916,0.1026,0.2236,0.111,0.0125,0.404,0.4471,0.5891,0.0894,0.3057,0.4215,0.3218,0.0578,0.3343,0.0409,0.2241,0.0265,0.2522,0.2255,0.2005,0.0472,0.0861,0.3846,0.0525,0.3958
CD151,0.9348,1.072,0.8507,1.1621,0.8742,1.8533,1.419,1.1837,1.646,1.205,1.285,1.5787,1.7175,1.8837,1.8167,1.2357,2.1011,2.7303,2.7857,2.8134,2.1085,2.0081,1.8241,1.8237,1.6728,1.8362
CD152,0.002,0.0317,0.0,0.0376,0.0335,0.0574,0.0328,0.023,0.0193,0.0054,0.053,0.067,0.024,0.0,0.0,0.0,0.6891,0.2554,1.6529,2.1898,0.2446,0.0299,0.0158,0.0064,0.1204,0.0585
CD154,2.0628,1.9462,1.997,2.0881,1.5811,1.3275,1.4156,1.1493,1.5495,1.2482,1.3467,1.4051,1.5448,1.794,1.5963,1.2619,2.0312,1.9555,2.1729,2.1732,1.8897,1.8684,1.78,1.8376,1.4915,1.7327
CD155,0.0018,0.0256,0.0,0.0149,0.0,0.0754,0.0009,0.0073,0.042,0.0,0.0067,0.0846,0.0032,0.0,0.0008,0.0,0.9563,0.1835,2.1138,2.6993,0.6871,0.0307,0.0372,0.0031,0.1452,0.0
CD156c,1.4839,1.3952,1.5835,1.243,1.2309,0.6598,0.7194,1.0033,0.8155,0.6708,0.7642,0.9164,0.7586,0.8165,0.8471,0.725,1.9177,0.7941,1.5853,1.7381,1.2692,1.0104,0.9921,0.9756,1.0562,0.9569
CD158,1.2081,1.3205,1.0622,1.333,1.1726,0.0908,0.2023,0.844,0.1479,0.8637,0.1546,1.0129,0.253,1.0166,0.3606,1.0373,0.582,0.701,0.8361,0.9781,0.8213,0.9207,0.7458,0.5688,0.8213,0.8284
CD158b,0.8184,0.4309,1.2464,0.7394,1.0352,1.6254,0.3288,0.1603,0.2449,0.2483,0.2394,0.4446,0.311,0.168,0.1824,0.283,1.6425,0.1613,2.0675,2.4602,0.5155,0.1141,0.1169,0.2262,0.7164,0.3476
CD158e1,0.3165,0.375,0.3223,0.4043,0.1967,0.0396,0.446,0.1351,0.6241,0.105,0.4461,0.1392,0.1045,0.0141,0.0401,0.0263,1.0807,0.0315,0.3524,0.4566,0.1989,0.0779,0.0984,0.1415,0.4247,0.0682
CD16,0.3456,0.3251,0.3518,0.4232,0.2268,0.66,0.4018,0.1977,0.8239,0.1712,0.4831,0.3953,0.4755,0.2714,0.7345,0.1159,0.6197,1.9,1.811,1.1014,1.997,1.6102,0.9834,0.5578,0.2975,0.5751
CD160,0.2467,0.3639,0.2171,0.379,0.2497,0.0866,0.1399,0.1776,0.1694,0.1595,0.1261,0.3572,0.2469,0.6261,0.2162,0.1934,0.3377,0.1513,0.3644,0.3485,0.3285,1.3439,0.8582,0.5178,0.2038,1.1718
CD161,0.1503,0.3452,0.1165,0.3306,0.1344,0.6695,0.2879,0.161,0.3566,0.056,0.1347,0.4892,0.0932,0.2843,0.2163,0.0407,0.6926,0.5356,1.052,1.0739,0.6772,0.9777,1.0239,0.3089,0.2803,1.0178
CD161_Lyo,0.0,0.0005,0.0,0.0058,0.0469,0.0044,0.2105,0.0033,0.0558,0.006,0.0408,0.4689,0.0025,0.0539,0.008,0.0023,0.0008,0.0002,0.0,0.0,0.0,1.3275,0.9829,0.0625,0.0002,1.52
CD162,0.5333,0.6046,0.5567,0.7398,0.8034,1.3851,0.7219,0.7835,1.0481,0.7017,0.8839,0.9238,0.9331,1.1234,1.1436,0.7451,1.4102,0.8674,1.8426,1.9443,1.6753,1.1082,1.0852,1.2479,1.6601,1.1291
CD163,0.8027,0.8642,0.8182,0.8905,1.485,0.746,0.6023,0.5654,0.6683,0.6189,0.7158,0.7037,0.5714,0.6509,0.7505,0.562,1.4302,0.6807,2.2129,2.292,1.2968,1.0189,0.8682,0.9098,0.8533,1.007
CD164,0.8611,0.5826,0.7995,0.7197,0.2553,0.9757,0.2666,0.247,0.3208,0.1667,0.249,0.2789,0.1473,0.1017,0.1318,0.0737,0.5004,0.511,0.8895,0.7753,0.5439,0.1907,0.3558,0.1783,0.5631,0.2463
CD165,1.0702,1.1217,0.5883,0.868,0.2026,0.1965,0.3067,0.2293,0.2567,0.2513,0.2335,0.2595,0.1765,0.0359,0.1211,0.2018,0.4089,0.4093,1.1782,1.1655,0.6299,0.0936,0.1284,0.1571,0.1996,0.2158
CD166,0.3734,0.3295,0.3081,0.4769,0.1674,0.0315,0.0268,0.0029,0.0528,0.0,0.0145,0.0469,0.0,0.0,0.0,0.0,0.9624,0.0,0.3725,0.3953,0.1664,0.0075,0.0456,0.0253,0.4787,0.0404
CD169,0.3666,0.2045,0.5785,0.2343,0.6908,1.0532,0.1269,0.0919,0.2011,0.0966,0.091,0.0748,0.0685,0.0312,0.0219,0.0547,0.5616,0.3361,0.3487,0.3253,0.204,0.0661,0.137,0.0403,0.2126,0.1028
CD16_Lyo,0.3401,0.4185,0.3086,0.4511,0.3581,0.2081,0.2735,0.2645,0.2769,0.2567,0.2536,0.2289,0.6376,0.8235,0.6772,0.6547,0.4572,5.0448,3.2105,0.4238,4.6906,4.3736,0.885,0.7042,0.3316,0.5349
CD170,0.094,0.2349,0.0309,0.1685,0.0905,1.0182,0.1817,0.0857,0.3292,0.0902,0.1318,0.1589,0.1065,0.0197,0.1227,0.0356,0.9843,1.4737,1.1392,1.194,0.621,0.0404,0.0959,0.0578,0.2541,0.0853
CD172ab,0.038,0.0934,0.0259,0.19,0.0666,1.3674,0.0539,0.0549,0.0664,0.0333,0.0417,0.0735,0.021,0.0,0.017,0.0152,1.2505,1.2906,1.4974,1.6695,1.0351,0.049,0.083,0.031,0.964,0.0577
CD172g,0.5302,0.5269,0.7483,0.6144,0.036,0.8861,0.631,0.0583,0.3865,0.4234,0.4752,0.3193,0.4098,0.021,0.1331,0.4242,0.1865,0.0337,0.204,0.1898,0.1731,0.0437,0.0719,0.0153,0.1189,0.2626
CD178,1.0456,0.7713,1.1046,0.8937,1.4223,0.0123,0.0472,0.0234,0.0446,0.026,0.0426,0.057,0.0141,0.0159,0.0024,0.0037,0.1887,0.0025,0.3617,0.2936,0.1814,0.0321,0.0099,0.0145,0.1424,0.042
CD179a,0.3866,0.4488,0.2526,0.3581,0.0383,0.5281,0.0129,0.0334,0.0361,0.0,0.0,0.0608,0.0,0.0,0.0,0.0,0.7589,1.2471,1.0924,1.0962,0.5108,0.0116,0.0933,0.0063,0.573,0.0696
CD179b,0.2188,0.2201,0.1633,0.1948,0.0819,0.5807,0.0102,0.0,0.0426,0.0,0.0192,0.0575,0.0,0.0,0.0,0.0,1.4634,2.3877,2.2044,2.3282,1.1605,0.0088,0.0302,0.0159,1.0073,0.0731
CD18,0.9449,1.0163,0.8098,1.2237,1.1517,1.3749,2.0059,2.1086,1.7679,1.7071,1.8125,1.6523,1.9698,1.7453,1.6577,1.7432,2.6505,3.0075,3.0685,3.2456,2.5455,1.7471,1.791,1.8095,2.0845,1.8706
CD180,1.3686,1.0482,1.2365,1.2734,0.9545,0.0,0.7225,0.5717,0.6271,0.6389,0.6825,0.4049,0.669,0.0227,0.2813,0.6552,0.3406,0.0,0.4189,0.3748,0.1433,0.0053,0.1325,0.0079,0.0452,0.575
CD181,1.9982,2.6601,1.4513,2.5431,1.5979,0.904,0.9731,1.5801,0.6734,2.086,0.8167,1.3607,0.9337,1.6118,0.8846,2.2278,0.5518,1.2683,1.0171,0.8465,1.0459,1.3962,1.677,1.3757,1.6245,1.0057
CD182,0.3045,0.3084,0.2696,0.4187,0.2734,0.2657,0.1876,0.3002,0.2869,0.1148,0.2078,0.1972,0.1482,0.2176,0.1815,0.0456,0.5393,0.7051,0.6812,0.93,0.5252,0.2773,0.2737,0.2742,0.4019,0.3115
CD183,0.9192,1.0929,0.7109,1.4386,0.6878,0.3592,0.9424,0.6668,0.9014,0.4764,0.698,1.1423,1.2707,0.6003,0.8763,1.2754,1.0134,0.7708,1.1973,1.0793,1.3219,0.5254,1.1423,0.9206,1.2829,1.3918
CD184,1.6985,1.2821,2.4286,1.6619,2.4145,2.9738,1.6287,1.1171,1.4918,1.3637,1.4958,1.69,1.6591,0.9691,1.3404,1.5458,3.226,0.8943,2.9938,3.1481,1.3283,0.3699,0.6008,1.2114,1.9275,1.5255
CD185,0.5715,0.751,1.1274,0.8554,1.2321,0.0543,0.1313,0.0312,0.1055,0.0481,0.0705,0.0891,0.0369,0.0031,0.0409,0.0245,0.8454,0.0759,0.2728,0.2284,0.2085,0.058,0.1324,0.03,0.2441,0.0849
CD186,0.1193,0.158,0.1017,0.2212,0.133,0.0591,0.146,0.1162,0.2015,0.1154,0.1595,0.2859,0.129,0.0875,0.2237,0.1023,0.5059,0.1256,1.026,1.7008,0.3868,0.1334,0.1543,0.1189,0.2643,0.2662
CD19,0.549,0.7625,0.5805,0.8558,0.5084,0.03,0.1364,0.0699,0.342,0.0966,0.1188,0.0534,0.1302,0.234,0.2664,0.0779,0.2279,0.0048,0.3239,0.3029,0.1847,0.2233,0.3257,0.1548,0.0947,0.1508
CD191,0.0385,0.062,0.0025,0.0846,0.0247,0.065,0.2447,0.0517,0.5124,0.0674,0.2182,0.1056,0.262,0.0855,0.2986,0.0807,0.2485,0.0515,0.6164,0.7931,0.203,0.2818,0.3333,0.4331,0.147,0.2906
CD192,0.129,0.7781,0.1209,0.2273,0.2426,3.2155,0.2916,0.1653,0.747,0.1263,0.2587,0.7274,0.301,0.1319,0.3342,0.0967,3.9924,0.3742,3.3042,4.0861,0.5488,0.1142,0.2742,0.3014,3.3244,1.3225
CD193,0.7617,1.6739,0.4584,1.6348,0.6234,1.6168,1.0369,1.416,0.7249,1.5409,0.756,1.1985,1.1156,0.5828,0.9935,1.5191,0.4603,0.4795,1.0164,0.7188,0.7903,0.3078,0.568,0.7684,1.0725,1.327
CD194,0.1723,0.2544,0.1427,0.3608,0.1935,0.0576,0.5272,0.1302,0.6835,0.1425,0.6814,0.2447,0.3233,0.0801,0.1392,0.1408,0.2102,0.0605,0.5035,0.3408,0.3236,0.1061,0.1585,0.1911,0.2518,0.2166
CD196,0.557,0.7026,0.5427,0.7273,0.5047,0.4096,0.3182,0.2175,0.4105,0.1591,0.2769,0.4684,0.239,0.1792,0.2072,0.1714,0.6962,0.5647,1.0862,0.78,0.7544,0.209,0.3084,0.1988,0.3277,0.3258
CD197,1.3361,0.8704,1.7623,1.3772,0.8738,0.1663,2.3344,1.9732,0.7685,3.0873,1.5776,0.9544,0.8508,0.1307,0.1849,2.8936,0.8848,0.2828,1.8394,2.3408,0.4933,0.1733,0.3456,0.1868,0.6707,0.3668
CD199,0.2815,0.2961,0.2162,0.4003,0.3985,0.1333,0.2076,0.1811,0.1926,0.1472,0.1665,0.2274,0.1345,0.11,0.1317,0.113,0.8799,0.2009,1.6756,2.2535,0.5208,0.1526,0.2414,0.1688,0.3442,0.2023
CD19_Lyo,3.4222,3.4754,3.2861,3.6262,3.1603,0.0365,0.1539,0.1966,0.1464,0.2151,0.1418,0.1027,0.3025,0.434,0.3106,0.465,0.3651,0.5253,0.252,0.101,0.4302,0.3436,0.1193,0.295,0.2258,0.1048
CD1a,0.1397,0.1976,0.1257,0.192,0.1553,0.0935,0.1611,0.1343,0.1801,0.1382,0.1512,0.1912,0.1357,0.0862,0.0913,0.1007,0.3673,0.0687,0.368,0.3823,0.2548,0.1776,0.1602,0.1438,0.315,0.1427
CD1b,0.2361,0.2191,0.1963,0.2889,0.1888,0.0,0.2076,0.0884,0.2621,0.1113,0.1675,0.0537,0.1908,0.1322,0.2325,0.0966,0.1782,0.0129,0.1963,0.1736,0.1626,0.0793,0.0703,0.1424,0.1705,0.3302
CD1c,0.6478,0.7443,0.6694,0.8338,0.0964,0.0132,0.0429,0.0039,0.059,0.0101,0.0256,0.0334,0.0138,0.0093,0.0096,0.0138,0.8745,0.0046,0.2361,0.1954,0.1422,0.039,0.0357,0.012,0.0472,0.0404
CD1c_Lyo,1.402,2.3784,0.9959,2.0222,1.5353,0.0013,0.0021,0.0018,0.0016,0.0027,0.0008,0.003,0.0345,0.0396,0.0325,0.0585,4.0931,0.5015,0.6376,0.0234,0.2642,0.1402,0.0021,0.0146,0.0068,0.0015
CD1d,0.3206,0.3979,0.2909,0.4518,0.255,0.1678,0.0986,0.0814,0.1194,0.0751,0.0809,0.0466,0.0498,0.0318,0.0595,0.0609,1.3154,0.2201,1.2667,1.2596,0.536,0.1433,0.184,0.1095,0.1288,0.145
CD2,0.216,0.3722,0.1393,0.4192,0.2279,0.5791,3.7862,3.9654,4.4709,3.2168,3.7959,3.4584,4.2528,4.1223,4.4578,3.5489,3.0877,0.1342,1.1215,1.2723,0.5044,3.2681,4.1747,4.4627,0.9438,4.079
CD20,1.9454,1.8999,1.6072,1.9087,2.6842,1.015,0.1118,0.0662,0.1276,0.0709,0.1106,0.1945,0.1417,0.1278,0.1396,0.0304,0.3449,1.1718,0.4272,0.4642,0.2186,0.4669,0.2678,0.2712,0.4169,0.2707
CD200,0.8835,0.7872,1.1363,0.938,1.7215,0.3974,0.0931,0.0447,0.0991,0.0788,0.0889,0.0948,0.0571,0.0127,0.0286,0.0348,0.4118,0.0845,0.811,0.9214,0.2634,0.1406,0.3845,0.0487,0.4875,0.1185
CD200R,0.2115,0.2181,0.056,0.2344,0.0609,1.2025,0.3018,0.0595,0.5572,0.1058,0.7518,0.1385,0.132,0.0877,0.0979,0.0474,0.7435,0.5038,0.8258,1.0973,0.3533,0.2285,0.4412,0.1004,0.2584,0.2455
CD201,0.0352,0.1001,0.0144,0.0481,0.0263,0.7899,0.4365,0.4978,0.4454,0.394,0.3052,0.249,0.2608,0.0234,0.2059,0.2402,1.0003,0.9869,1.4136,1.374,1.0865,0.0401,0.0862,0.0855,0.1629,0.2867
CD202b,0.078,0.118,0.0538,0.0742,0.0846,0.0165,0.3431,0.1011,0.6372,0.053,0.756,0.1136,0.1482,0.0,0.0642,0.0167,0.266,0.113,0.2776,0.2515,0.2054,0.0711,0.0966,0.039,0.1016,0.1031
CD203c,0.1499,0.3643,0.1068,0.3511,0.2947,0.9096,0.0786,0.022,0.0967,0.0256,0.0463,0.074,0.015,0.0,0.0029,0.0081,1.0115,0.0,0.2762,0.2042,0.1939,0.0631,0.1174,0.0267,0.1387,0.0711
CD205,1.9187,2.0728,2.0847,2.1065,1.4124,1.079,1.0544,0.6897,1.2208,0.6214,0.9172,0.8545,0.8569,0.5914,0.8057,0.5206,2.2276,0.3517,1.5248,2.1415,0.5807,0.5135,0.7601,0.91,1.4131,0.8943
CD206,0.1088,0.1147,0.0788,0.1476,0.0924,0.0387,0.0901,0.1173,0.1074,0.0775,0.0804,0.0944,0.0375,0.0221,0.0652,0.0426,0.3712,0.0866,0.2651,0.2967,0.2595,0.0808,0.0954,0.0613,0.2925,0.0963
CD207,0.0277,0.0561,0.0014,0.0144,0.0434,0.0248,0.0169,0.0215,0.0314,0.0186,0.0164,0.0415,0.0,0.02,0.0,0.0064,0.1072,0.0,0.1492,0.1324,0.1698,0.0157,0.005,0.0,0.0997,0.0348
CD209,0.1374,0.1117,0.0851,0.1455,0.1152,0.0961,0.1285,0.1008,0.15,0.1035,0.1322,0.1013,0.0869,0.1185,0.1154,0.0821,0.7691,0.1872,1.4331,1.9831,0.3372,0.0793,0.1639,0.0944,0.3789,0.1549
CD21,0.2718,0.9133,0.8766,1.1218,0.6966,0.177,0.1402,0.051,0.1592,0.0958,0.1135,0.1497,0.0895,0.0917,0.0734,0.0777,0.3868,0.1931,0.4356,0.498,0.3699,0.1328,0.2489,0.1155,0.2483,0.1727
CD210,0.2646,0.2924,0.1341,0.2653,0.2044,0.1352,0.1764,0.1627,0.2182,0.1111,0.1806,0.2189,0.1526,0.1214,0.1368,0.1124,0.4577,0.0604,0.7679,0.7466,0.5082,0.1725,0.1944,0.1232,0.3562,0.174
CD213a1,0.1529,0.2267,0.1043,0.2825,0.0804,0.1144,0.1257,0.1501,0.186,0.1035,0.0881,0.2064,0.0989,0.0709,0.0901,0.075,0.4916,0.2068,0.5267,0.5699,0.3622,0.1179,0.0746,0.1064,0.1707,0.197
CD213a2,0.1551,0.2781,0.1186,0.3037,0.1775,0.1338,0.1644,0.1568,0.2088,0.1323,0.148,0.1055,0.1155,0.083,0.0985,0.1058,0.549,0.4601,0.5548,0.5934,0.4096,0.113,0.1845,0.1107,0.2285,0.2387
CD217,0.1482,0.1992,0.1246,0.2004,0.1427,0.672,0.3371,0.2332,0.4113,0.2545,0.3044,0.1659,0.2024,0.1596,0.2361,0.2014,1.3257,0.5317,1.7955,2.2466,0.7234,0.1825,0.1928,0.2066,0.5017,0.2266
CD218a,1.9994,2.3734,1.8417,2.346,1.9418,2.0233,2.0664,1.8052,2.3025,1.8431,2.1091,2.0599,2.1081,2.1025,2.1502,1.9005,2.4231,1.9487,2.4311,2.354,2.2226,2.0619,2.2248,2.1794,2.4383,2.3891
CD22,3.9132,3.2914,4.1048,3.6496,3.4513,2.4126,0.0181,0.0147,0.0735,0.004,0.0089,0.0764,0.004,0.0096,0.0,0.0029,1.2851,0.0,0.3043,0.2711,0.2618,0.0542,0.0503,0.0148,0.8955,0.0852
CD220,0.2364,0.1908,0.1407,0.217,0.1549,0.3427,0.0277,0.0102,0.0509,0.0,0.0236,0.0191,0.0058,0.0,0.0075,0.0003,1.2779,0.1334,2.0893,2.4992,0.9876,0.0346,0.0971,0.0223,0.3383,0.0791
CD221,2.7203,3.1337,2.6608,3.221,2.6149,1.8565,1.9268,1.6584,2.112,1.7662,1.9726,1.8535,1.9963,2.0264,2.022,1.8438,2.232,1.531,2.3297,2.2444,2.0768,1.9679,1.8934,2.0637,1.8805,2.0615
CD223,0.8952,0.8127,0.9174,1.0401,0.8353,0.0,0.0292,0.032,0.036,0.035,0.0131,0.0466,0.0163,0.0225,0.0095,0.0398,0.1375,0.0,0.1946,0.1625,0.1684,0.0303,0.0513,0.0157,0.0785,0.0664
CD226,0.0109,0.049,0.0149,0.1679,0.0576,0.0078,0.2465,0.5003,0.4312,0.0701,0.1413,0.074,0.1309,0.1363,0.228,0.0483,0.1859,0.0661,0.3537,0.3345,0.2119,0.2298,0.2832,0.4592,0.0978,0.3535
CD227,0.0216,0.0784,0.0,0.0801,0.0615,0.0756,0.203,0.0277,0.2833,0.0285,0.1711,0.0977,0.1415,0.029,0.0964,0.0347,0.2543,0.1066,0.3945,0.3119,0.3032,0.0961,0.3496,0.2119,0.702,0.1825
CD229,0.0881,0.1698,0.1014,0.2371,0.0602,0.1376,0.2342,0.1501,0.2657,0.1556,0.1805,0.3262,0.2425,0.1819,0.277,0.1063,0.2606,0.09,0.2051,0.1802,0.1472,0.1856,0.4532,0.246,0.6612,0.5983
CD23,0.1675,0.053,0.6006,0.0841,0.1512,0.0,0.0044,0.017,0.0177,0.0,0.0082,0.0408,0.0,0.0,0.0049,0.0,0.1602,0.0,0.2651,0.2253,0.1561,0.009,0.067,0.0,0.1476,0.0057
CD230,0.5446,0.9478,0.5671,1.1052,0.4857,3.1637,1.4962,1.3176,2.0933,1.1255,1.6705,1.7385,1.5118,1.3781,1.6883,1.4182,2.4299,0.2349,2.5148,2.7419,1.402,1.0824,0.9368,1.9956,0.6134,1.9061
CD231,0.0189,0.0399,0.0092,0.1417,0.0646,0.0066,0.0277,0.0077,0.0659,0.0056,0.0131,0.1774,0.0001,0.0,0.0121,0.0021,0.1941,0.0,0.2301,0.2413,0.2264,0.0202,0.0204,0.0008,0.1999,0.0624
CD235ab,0.0,0.0646,0.0,0.0145,0.0,0.0,0.0,0.0185,0.0221,0.0,0.0039,0.0009,0.0,0.0,0.0036,0.0,0.0324,0.0,0.0841,0.1054,0.0807,0.0,0.0552,0.0,0.1251,0.0098
CD24,2.5259,4.1463,2.5782,3.6714,4.2805,0.0587,0.0767,0.081,0.0988,0.0423,0.043,0.0952,0.0535,0.1201,0.0466,0.0435,1.2241,4.387,2.0324,2.6399,0.4791,0.1261,0.0835,0.1096,0.2188,0.1173
CD243,0.4497,0.2701,0.6989,0.4026,0.3745,0.1081,0.2213,0.1692,0.2803,0.1987,0.1262,0.5903,0.303,0.4029,0.4025,0.6041,1.0378,0.3842,2.1109,2.7863,0.5845,0.8935,1.0238,0.5406,0.3879,1.1179
CD244,0.723,1.0595,0.6153,1.1442,0.7993,1.8998,1.2204,1.4555,1.4869,1.0282,1.2506,1.343,1.4935,1.5712,1.6013,1.1006,2.0641,0.6417,2.11,2.0962,1.9498,1.6528,1.4783,1.6012,1.4565,1.6174
CD245,0.5961,0.8384,0.5587,0.974,0.6357,1.0964,1.1681,0.9767,1.2855,0.9899,1.228,1.0565,1.1155,1.0651,1.1048,0.9973,1.8757,0.7519,2.0255,2.034,1.7627,0.9247,0.8664,1.1136,1.5153,1.0907
CD24_Lyo,0.0619,0.8856,0.0912,0.8108,1.654,0.208,0.1923,0.2427,0.0933,0.4037,0.1311,0.1792,0.0603,0.132,0.0594,0.0816,0.6179,0.6345,0.0044,0.0117,0.0001,0.0508,0.0052,0.1162,0.0042,0.5744
CD25,0.147,0.0869,0.1068,0.234,0.0612,0.2448,0.2019,0.1158,0.2552,0.1137,0.4024,0.1608,0.1095,0.0571,0.0803,0.0755,0.3703,0.1441,0.5332,0.4705,0.3189,0.1123,0.1863,0.1194,0.2549,0.1656
CD252,0.1856,0.2481,0.1569,0.2714,0.2763,0.1284,0.1941,0.2067,0.2394,0.1425,0.1803,0.1573,0.1285,0.1564,0.1499,0.1164,0.5412,0.5701,1.0874,1.0547,0.6567,0.185,0.3422,0.162,0.3723,0.2786
CD254,0.489,0.7203,0.3963,0.7317,0.5413,0.1192,0.2099,0.4672,0.3236,0.358,0.3304,0.3347,0.2174,0.5656,0.2784,0.4739,0.4516,0.1064,0.5692,0.5125,0.6269,0.4812,0.4133,0.5059,0.466,0.3174
CD255,0.252,0.6128,0.0893,0.6103,0.1512,0.0391,0.1122,0.0946,0.1217,0.0845,0.0807,0.1006,0.0548,0.0505,0.0571,0.0531,0.2758,0.018,0.3818,0.4532,0.2442,0.0835,0.1367,0.0672,0.1674,0.1069
CD258,0.2515,0.2769,0.1326,0.2425,0.2042,0.097,0.0391,0.0395,0.0716,0.0041,0.0568,0.0978,0.027,0.0153,0.0336,0.0045,0.2378,0.1254,0.4139,0.4012,0.2051,0.0614,0.1098,0.0603,0.1866,0.1317
CD25_Lyo,0.0884,0.2323,0.0507,0.2629,0.0115,0.5724,0.1362,0.0006,0.2385,0.0,2.0703,0.0005,0.0,0.0,0.0002,0.0,0.0919,0.0,0.029,0.0,0.0001,0.0,0.0099,0.0008,0.0007,0.0004
CD26,0.1084,0.1497,0.0112,0.0911,0.042,2.0842,1.948,1.4024,1.8531,2.1007,1.6961,1.3564,0.8849,0.1292,0.9461,1.6236,0.914,0.1884,1.48,2.2352,0.3812,0.1248,0.6026,0.2695,0.9331,2.1513
CD261,0.1688,0.2398,0.1354,0.3719,0.3221,1.1668,0.2092,0.2118,0.3405,0.1451,0.1885,0.3557,0.5452,0.5788,0.5461,0.1659,1.0305,0.4714,1.4005,1.3393,0.9617,0.8812,0.9067,0.7293,0.4795,0.782
CD262,0.1702,0.2632,0.18,0.2926,0.262,1.4193,0.2306,0.2017,0.3153,0.1576,0.2139,0.3689,0.276,0.8165,0.3886,0.1659,1.3269,0.2906,1.4756,1.3363,1.2061,1.003,0.9808,0.8446,0.4977,0.8612
CD263,0.2651,0.3478,0.154,0.4559,0.1609,0.4489,0.2709,0.1699,0.3751,0.1404,0.561,0.2714,0.1698,0.2004,0.1559,0.1044,0.5703,0.6882,0.8579,0.7467,0.6744,0.2062,0.2876,0.1802,0.3196,0.3024
CD266,0.1134,0.1732,0.0829,0.2835,0.1443,0.0272,0.8239,0.7478,0.8051,0.916,0.7853,0.8706,0.6072,0.6428,0.6018,0.5504,0.2931,0.0,0.2823,0.2943,0.2004,0.0775,0.0886,0.7752,0.1714,1.6688
CD267,0.2474,0.5005,0.1206,0.4968,0.2783,0.072,0.1101,0.1224,0.1522,0.0757,0.1045,0.1235,0.0597,0.0624,0.057,0.0734,0.3446,0.0396,0.4638,0.4183,0.4005,0.1166,0.2078,0.0719,0.2634,0.1375
CD268,2.8682,3.1125,3.4315,3.5272,3.2444,0.0652,0.2397,0.1421,0.2042,0.1443,0.2618,0.2553,0.1564,0.1385,0.1436,0.2229,0.3678,0.0198,0.3096,0.3602,0.2788,0.1138,0.1228,0.1075,0.2964,0.2007
CD269,0.5543,0.3741,0.7538,0.5281,0.7484,0.8291,0.2359,0.1416,0.2134,0.1623,0.1831,0.2252,0.1537,0.0934,0.1953,0.1934,1.0711,0.2234,2.0304,2.6099,0.4445,0.1038,0.0848,0.1692,0.4813,0.253
CD27,0.2081,1.7237,0.0808,1.7869,0.1419,0.0481,2.6405,1.7305,0.3721,2.9736,2.5094,2.4119,2.2661,0.2116,0.3666,2.9802,0.3255,0.0019,0.3039,0.2894,0.2235,0.0903,0.367,0.2441,0.1701,1.2269
CD271,0.0888,0.1403,0.0449,0.1258,0.1469,0.1124,0.0904,0.1425,0.152,0.0696,0.0884,0.1334,0.0701,0.0981,0.1347,0.0573,0.444,0.002,0.3128,0.309,0.2785,0.1139,0.0983,0.1705,0.8345,0.1687
CD275,0.0831,0.0671,0.0635,0.2072,0.0322,0.156,0.0921,0.1274,0.1307,0.055,0.0934,0.0634,0.0429,0.0641,0.0439,0.0648,2.278,1.2977,4.073,4.4084,1.5887,0.0739,0.0779,0.0581,0.1993,0.1159
CD276,0.068,0.0672,0.0547,0.1761,0.0507,0.2778,0.0955,0.1192,0.143,0.0469,0.103,0.1054,0.0674,0.0713,0.0888,0.0221,0.2704,0.0591,0.4666,0.4132,0.3104,0.0973,0.1411,0.0913,0.1579,0.0791
CD277,1.7988,2.1851,1.1238,2.0543,1.126,1.1598,1.6004,1.2945,1.5943,1.4678,1.4206,1.5193,1.5331,1.4622,1.4595,1.5168,1.2894,0.2674,2.0111,1.6944,1.3843,1.3442,1.1683,1.5798,0.8622,1.8229
CD278,0.1531,0.2126,0.1283,0.2786,0.1647,0.1678,1.193,0.7359,1.3014,0.7813,1.2802,0.4898,0.6843,0.422,0.6501,0.5123,0.4335,0.0752,0.4254,0.3967,0.334,0.2393,0.2009,0.6068,0.3569,0.4595
CD279,0.2718,0.3955,0.1938,0.333,0.2424,0.0351,0.3255,0.3964,0.507,0.1783,0.2914,0.5543,0.517,0.5525,0.5179,0.2503,0.2232,0.0165,0.2648,0.2949,0.2752,0.1979,0.192,0.4318,0.3119,0.385
CD27_Lyo,0.0659,2.6697,0.0112,2.7959,0.0232,0.0048,3.5948,2.2587,0.1363,3.9153,3.5617,3.0799,2.9822,0.1981,0.2925,3.8391,0.0282,0.0375,0.0155,0.0084,0.0108,0.0077,0.1708,0.231,0.0129,1.3128
CD28,0.3669,0.6057,0.3429,0.6494,0.3997,0.033,2.2126,1.2808,2.332,1.958,2.3074,1.9123,1.5788,0.3066,0.9727,1.5925,0.2894,0.0092,0.3095,0.3412,0.2818,0.2497,0.2389,0.372,0.2203,1.5894
CD282,0.0844,0.1771,0.0293,0.1715,0.0409,0.3285,0.1022,0.0618,0.1528,0.0413,0.094,0.1505,0.0818,0.0217,0.061,0.0254,1.3517,0.576,2.8754,2.8696,2.0489,0.0932,0.107,0.0661,0.1647,0.1479
CD284,0.6354,1.1345,0.6822,0.9643,0.9422,0.4495,0.3859,0.5644,0.4335,0.5678,0.3131,0.6104,0.253,0.5636,0.3213,0.6273,0.8959,0.9046,2.1621,2.5116,0.9096,0.4698,0.5783,0.4756,0.6803,0.434
CD29,1.9928,2.9376,1.4329,2.4702,1.8874,2.1588,3.1274,2.3346,3.674,1.5906,3.1954,2.4317,3.2149,3.2135,3.478,1.4441,4.0811,1.902,4.5852,4.4764,4.0035,3.1621,3.3147,3.5398,3.625,2.9286
CD290,0.2619,0.3405,0.1518,0.3744,0.2364,0.0197,0.0747,0.0876,0.1023,0.0439,0.0866,0.0979,0.0172,0.0732,0.0263,0.0509,0.1553,0.0546,0.2931,0.3437,0.2091,0.0772,0.154,0.0598,0.239,0.1393
CD294,0.2157,0.2556,0.108,0.3884,0.1843,3.9503,1.7936,0.7695,2.0078,0.6097,2.0923,0.8424,0.9912,0.217,0.7709,0.4044,0.5929,0.4061,1.7942,1.786,1.4221,0.7826,0.93,0.8991,0.3548,0.6214
CD298,1.726,2.6128,1.533,2.8608,1.9156,2.6227,3.3493,2.8304,3.5944,2.9396,3.4513,3.1646,3.3124,2.8796,3.2429,2.9479,4.2211,1.6507,3.9938,4.2063,3.6754,2.4799,2.2265,3.0981,3.3789,3.1302
CD3,0.3078,0.3983,0.2456,0.4949,0.3234,0.2524,4.3814,4.4816,4.4542,4.5501,4.3441,4.0425,4.2667,4.379,4.3358,4.1724,0.8171,0.0033,0.5463,0.5492,0.3985,0.2889,0.3617,4.5745,0.2641,5.1038
CD30,0.1107,0.1786,0.1216,0.1882,0.181,0.0831,0.1488,0.1161,0.1593,0.1256,0.141,0.1429,0.1019,0.0783,0.1033,0.0973,0.3122,0.0068,0.3314,0.3686,0.2795,0.1012,0.1666,0.0832,0.3107,0.1389
CD300c,0.2265,0.2858,0.1523,0.316,0.2191,0.8322,0.2127,0.2591,0.2021,0.1925,0.1785,0.1984,0.119,0.1041,0.1459,0.1428,0.8742,0.1716,1.9782,1.5602,1.3267,0.271,0.4539,0.163,0.7249,0.2168
CD301,1.4113,,1.3298,1.944,1.2226,,0.3903,0.947,0.4277,0.7644,0.4359,0.9271,0.2729,1.2193,0.2957,1.3207,1.8254,0.496,2.4541,2.633,0.9414,0.9334,0.8014,0.6932,,0.5993
CD303,0.3599,0.4376,0.2731,0.4103,0.4193,0.536,0.3312,0.2274,0.3727,0.2237,0.3561,0.2917,0.2679,0.2145,0.2244,0.1862,0.8845,0.3479,1.3291,1.7792,0.5158,0.287,0.3616,0.2861,0.8296,0.3641
CD304,0.3614,0.4167,0.2763,0.6578,0.2688,0.336,0.31,0.2902,0.3221,0.2121,0.3312,0.3257,0.226,0.2761,0.2614,0.2144,0.5699,0.1511,1.2804,1.5101,0.4359,0.2722,0.3266,0.2921,0.7505,0.2701
CD307,0.3749,,0.3128,0.4793,0.4316,,0.3657,0.3357,0.3449,0.2631,0.3616,0.477,0.2307,0.2227,0.1984,0.2683,0.3895,0.4328,1.3661,1.7178,0.5158,0.2601,0.4953,0.3012,,0.2875
CD309VEGFR2,0.1081,0.1883,0.0806,0.109,0.1246,0.0887,0.1298,0.1254,0.1453,0.1203,0.1278,0.1353,0.0817,0.0791,0.0896,0.0769,0.3127,0.0,0.3484,0.3381,0.2806,0.1353,0.1494,0.094,0.4801,0.1245
CD31,0.2425,0.3396,0.5803,0.4823,1.9211,0.108,4.3377,4.0674,4.5571,4.207,4.1468,3.1757,3.8081,3.1659,3.5608,4.1242,1.0586,0.0367,0.3404,0.38,0.2838,0.1574,0.228,3.4897,0.3303,2.7095
CD314,0.0979,0.1562,0.0935,0.2458,0.1471,0.0583,0.1203,0.1262,0.1425,0.0883,0.0874,1.0943,1.3416,1.3614,1.2255,1.3767,0.2687,0.0407,0.3741,0.3999,0.3493,1.1942,1.7529,1.1872,0.2349,1.5277
CD317,0.4324,0.5544,0.321,0.63,0.2534,0.2962,0.2711,0.1798,0.273,0.2069,0.2227,0.2738,0.2315,0.2195,0.2076,0.2209,1.2378,0.0692,1.72,1.6369,0.9017,0.3534,0.4645,0.2866,0.3972,0.413
CD318,0.401,0.4266,0.2158,0.4016,0.302,0.0764,0.1795,0.1015,0.2869,0.135,0.2937,0.1931,0.1927,0.2257,0.1606,0.1087,0.4722,0.0546,0.7194,0.6656,0.5146,0.2058,0.2241,0.2445,0.3057,0.2605
CD32,1.7668,1.6412,1.228,1.4705,1.4496,1.7299,0.2465,0.2357,0.2659,0.2106,0.2332,0.27,0.2095,0.2332,0.2192,0.223,1.6148,1.2649,1.7368,1.6947,1.3289,0.2579,0.3258,0.2486,0.9969,0.2911
CD323,0.8748,,0.6352,1.3095,0.486,,0.4724,0.4145,0.5418,0.3465,0.4341,0.3504,0.448,0.3229,0.3164,0.4014,0.8443,0.5557,1.6426,1.9927,0.8177,0.3073,0.3645,0.3923,,0.4147
CD324,2.7554,3.1981,2.6768,3.2313,2.8974,0.0717,0.2526,2.3946,0.2244,2.3984,0.4265,2.3659,0.573,2.6845,0.8473,2.8487,1.1733,0.0248,0.7412,0.5817,2.0038,2.6558,2.4131,2.4079,2.3753,1.9768
CD325,0.1735,0.1928,0.1182,0.1708,0.1408,0.1013,0.1418,0.0984,0.1808,0.1078,0.1447,0.1589,0.0941,0.0508,0.077,0.0713,0.3181,0.0324,0.4389,0.4054,0.2875,0.1309,0.098,0.0966,0.2461,0.1727
CD326,0.4096,0.5009,0.2651,0.4447,0.4824,1.4043,0.233,0.2123,0.2676,0.2319,0.2336,0.2231,0.1727,0.201,0.1427,0.2033,1.4666,0.1724,0.6162,0.6089,0.4475,0.2468,0.2296,0.2442,1.3714,0.2816
CD328,0.1054,0.123,0.0589,0.1683,0.1198,0.2715,0.1198,0.0934,0.1438,0.0874,0.1006,0.1723,0.0723,0.0867,0.09,0.0559,1.994,0.4457,2.4314,2.4418,1.2583,2.4377,1.7147,0.1453,0.23,0.135
CD33,0.2038,0.2327,0.1448,0.3197,0.1754,1.3129,0.1915,0.133,0.2283,0.1584,0.1728,0.2125,0.1315,0.1079,0.1214,0.0977,2.9802,0.4711,2.6904,2.9956,1.3673,0.1315,0.2875,0.1406,0.5918,0.2352
CD334,0.1076,0.0912,0.077,0.069,0.1343,0.0418,0.3363,0.2747,0.3379,0.3677,0.3039,0.2813,0.2332,0.2672,0.2495,0.2125,0.189,0.0004,0.3706,0.3506,0.2427,0.093,0.1413,0.2651,0.1853,0.7859
CD335,0.1356,0.1462,0.1252,0.2451,0.1576,1.2766,0.1335,0.0578,0.1637,0.0942,0.1347,0.1511,0.0875,0.1022,0.0796,0.0775,0.611,0.08,1.5983,1.3689,1.4824,1.6887,2.169,0.1494,0.3748,0.1644
CD336,0.1303,0.1692,0.101,0.1898,0.1587,0.0646,0.1388,0.0723,0.1312,0.1189,0.1519,0.1595,0.0893,0.0722,0.1102,0.0715,0.2823,0.0,0.3704,0.3985,0.2925,0.1088,0.1238,0.0994,0.4239,0.1745
CD337,0.7508,1.0926,0.586,1.2784,0.3859,0.1054,0.1736,0.1625,0.1918,0.1027,0.3103,0.2227,0.1371,0.0845,0.1359,0.1097,1.0528,0.1247,1.2091,1.0416,0.4998,1.3703,1.4762,0.1147,0.275,0.1877
CD338,0.7681,0.9148,0.5702,0.9025,0.5867,2.1487,0.2393,0.2233,0.2584,0.2052,0.244,0.3421,0.2193,0.2951,0.2739,0.2197,2.6625,0.2099,1.6914,1.5191,1.6779,0.2462,0.2087,0.6904,2.2622,0.5108
CD34,0.1,0.1557,0.1012,0.2672,0.1272,0.2157,0.1201,0.0903,0.1476,0.1013,0.1166,0.1122,0.0753,0.0726,0.08,0.0656,0.4858,0.0,0.507,0.4874,0.3046,0.107,0.1024,0.1104,0.4906,0.1407
CD340,2.2299,2.46,2.3286,2.6643,2.3907,0.3759,1.7246,1.3395,1.89,1.3977,1.6622,1.0364,1.2585,1.0041,1.1469,1.2228,1.0898,0.838,1.7986,1.4367,1.3461,0.4927,0.4466,1.124,0.4967,1.0311
CD344,0.2203,0.3173,0.1891,0.3217,0.2197,0.1523,0.1851,0.1914,0.2941,0.1299,0.1796,0.1183,0.1515,0.1193,0.1794,0.1102,0.4129,0.1344,0.6406,0.6199,0.5274,0.1854,0.2248,0.1361,0.3058,0.1617
CD35,2.9451,4.2819,3.9189,4.5705,3.8941,3.2843,0.2572,0.2466,0.2577,0.2935,0.1934,0.1992,0.1482,0.1605,0.1507,0.2523,0.6733,4.9764,3.4655,4.8147,1.8199,0.2211,0.2767,0.1707,0.4058,0.2941
CD354,0.141,0.1972,0.129,0.243,0.1657,0.1312,0.1665,0.1189,0.2067,0.1116,0.1607,0.1732,0.1241,0.1253,0.1132,0.0959,0.6724,1.1539,1.3805,2.1601,0.4778,0.1374,0.1863,0.0964,0.2641,0.1577
CD357,0.1308,0.3586,0.0441,0.2854,0.4285,0.006,0.1281,0.035,0.3121,0.0038,0.2178,0.1056,0.0196,0.0472,0.0408,0.0,0.4109,0.3841,1.3487,2.0544,0.3556,0.2672,0.3954,0.0809,0.1318,0.0582
CD36,0.0903,0.175,0.0992,0.1426,0.0371,0.5971,0.0745,0.0904,0.1481,0.004,0.0559,0.0685,0.0539,0.0415,0.0555,0.0146,2.9496,0.742,4.7809,5.1341,1.6623,0.0357,0.1476,0.0874,2.9675,0.0649
CD360,0.5019,0.2817,0.7264,0.3499,1.0636,0.1806,0.2899,0.2726,0.2911,0.2856,0.278,0.3308,0.2666,0.2772,0.2571,0.2181,0.5029,0.0918,0.6195,0.543,0.8337,0.3351,0.3586,0.2854,0.4521,0.3581
CD365,0.2486,0.189,0.1606,0.3089,0.164,0.0829,0.1624,0.1332,0.1715,0.1439,0.1686,0.2158,0.1335,0.0986,0.1253,0.1325,0.4324,0.0774,0.6027,0.6495,0.3627,0.2601,0.2766,0.1634,0.3926,0.1895
CD366,1.7009,2.3547,1.3695,2.5579,1.5141,2.1387,2.4654,1.9381,2.5354,2.1618,2.4923,2.2372,2.1632,1.8523,2.0202,1.9262,3.2203,0.7121,3.49,3.4896,3.2473,1.5742,1.3284,1.8884,2.664,2.1216
CD367,1.391,1.8534,1.7895,2.3049,1.9476,1.0956,0.8146,0.6012,0.992,0.6132,0.6759,0.4263,0.4905,0.3567,0.4958,0.3964,3.1423,2.6785,2.977,3.3874,1.6852,0.1731,0.2259,0.4626,1.353,0.4711
CD368,0.8922,1.0512,0.7884,1.0142,0.9281,0.2269,0.202,0.2167,0.3801,0.194,0.1826,0.4963,0.6682,1.1332,0.6963,0.2726,1.4236,0.9232,2.3628,2.1359,2.0631,0.9628,0.6743,1.3134,1.9986,0.8567
CD369,0.0466,0.0594,0.0076,0.0586,0.0049,0.0332,0.0392,0.037,0.0829,0.0048,0.0245,0.081,0.0184,0.0,0.0238,0.0007,1.1173,0.4472,2.3383,2.6661,1.3309,0.0396,0.0705,0.01,0.2774,0.0366
CD36L1,0.1268,0.1954,0.1485,0.4036,0.1313,0.1041,0.1572,0.1344,0.1789,0.1408,0.1269,0.1524,0.0839,0.1111,0.1381,0.1066,0.4499,0.026,0.5004,0.4929,0.3381,0.1247,0.2162,0.1144,1.2222,0.1873
CD370,0.1424,0.1405,0.0735,0.2332,0.1561,0.7015,0.0779,0.0636,0.1371,0.0158,0.0731,0.1275,0.0171,0.0386,0.0213,0.025,1.8477,0.9294,2.2146,2.6351,1.218,0.0525,0.155,0.0534,0.3833,0.1469
CD371,0.1678,0.1421,0.1928,0.3269,0.162,3.1986,2.7068,0.0833,3.1478,0.0579,2.7111,0.6351,2.2281,0.1238,1.5238,0.0546,4.1416,3.9128,4.098,4.1978,3.5877,0.1417,0.2296,0.4095,1.6197,0.9825
CD38,0.6058,0.4399,1.916,1.6289,3.5815,3.6285,0.8011,1.1212,0.457,1.8092,0.6442,1.3196,0.7084,1.0909,0.7995,1.1487,3.2883,0.9436,2.5917,3.271,0.867,3.8427,3.596,0.475,2.7182,0.8557
CD38_Lyo,0.4958,0.2422,3.1561,2.6097,5.1239,4.9434,0.9418,1.8115,0.3107,2.9185,0.8009,1.5272,0.7011,1.1612,0.8508,1.8374,4.0202,0.9551,3.2954,3.9639,0.3521,4.3729,3.7383,0.3756,3.3837,1.3046
CD39,2.2293,2.6814,2.2692,2.9492,1.2826,0.2134,0.2975,0.1598,0.3801,0.1589,0.7178,0.192,0.3071,0.1043,0.2277,0.1517,3.0156,1.5543,3.2255,3.002,1.6983,0.1666,0.2976,0.1464,0.5437,0.2167
CD3_Lyo,0.1926,0.33,0.2586,0.6424,0.8779,0.7339,4.8946,4.9441,4.5965,5.2922,4.682,4.5485,4.5539,4.8532,4.5306,4.6669,0.9505,0.3953,0.4326,0.5804,0.1145,0.4675,0.3176,4.8007,0.2393,5.6515
CD4,0.2273,0.291,0.1627,0.4892,0.2459,0.1962,4.055,3.9722,4.2653,4.0555,4.022,0.2471,0.2281,0.1771,0.1858,0.1916,2.2866,0.0564,2.3321,2.339,1.7144,0.2142,0.2079,1.5946,2.7469,0.2499
CD40,1.3696,1.6552,1.3562,1.6263,1.2272,0.6071,0.7897,0.7616,0.9864,0.5845,0.9542,0.7271,0.9224,1.0479,0.9529,0.5674,0.9823,1.5138,1.339,1.5976,1.2536,0.6391,0.5841,1.1134,0.5963,1.0766
CD41,0.1607,0.217,0.2202,0.4057,0.1413,2.6637,0.1928,0.2249,0.2625,0.1186,0.1794,0.2543,0.1597,0.1356,0.1455,0.0477,1.4204,1.8904,4.6801,4.5912,3.0534,0.1247,0.2093,0.2609,1.25,0.2389
CD42b,0.1752,0.1589,0.1184,0.272,0.0544,0.1408,0.1284,0.0708,0.1473,0.0829,0.1009,0.1002,0.0402,0.0,0.0484,0.018,0.2949,0.1809,0.7828,0.8365,0.4658,0.0584,0.0999,0.0794,0.2488,0.1403
CD43,0.2476,0.2386,0.1745,0.5556,0.2995,1.43,0.6339,1.0709,1.1394,0.4192,0.7034,0.9194,1.1677,1.9906,1.6335,0.575,1.7143,1.9935,2.1945,2.2633,2.6676,1.8389,1.4582,2.1721,1.2023,1.486
CD44,2.6134,3.5883,2.6098,3.629,1.9939,3.1293,2.9665,2.5245,3.3477,2.7385,3.1404,2.5675,3.0112,2.8026,2.9401,2.6667,3.9515,2.7491,4.6896,4.6261,4.1539,1.4988,2.7868,3.0854,3.7463,2.9229
CD45,3.6332,3.845,3.6971,3.8827,3.9807,3.1052,4.0549,3.771,4.2167,3.7991,4.0323,3.911,4.2712,4.1579,4.2719,3.7632,3.9009,3.4659,4.622,4.2943,4.3319,3.759,3.6821,4.249,3.4108,4.3303
CD45RA,2.2831,2.6351,2.0875,2.6932,2.3701,1.8106,0.209,1.0059,0.3237,0.8846,0.2057,0.9548,0.422,1.4864,0.6208,1.1021,1.501,1.3991,2.1327,1.7673,2.0722,1.2846,1.4259,1.3887,1.4715,0.9844
CD45RA_Lyo,3.8016,4.3296,3.6991,4.1977,3.8772,0.2548,0.6841,3.0051,0.5233,2.9967,0.6883,2.3516,1.0102,3.1699,1.203,3.6757,1.0617,0.9547,0.9908,0.6205,2.0194,2.683,2.5441,2.489,3.0298,1.7755
CD45RB,1.7689,2.5149,1.6207,2.4641,1.7167,1.8583,0.925,0.9072,0.7293,1.425,0.9207,1.343,1.0212,0.6774,0.8379,1.4079,1.2841,1.2977,1.9692,1.6475,1.4946,0.3083,0.6471,0.9407,1.3295,1.4287
CD46,0.7544,0.8871,0.8815,1.0995,0.8022,1.8521,0.8585,0.5803,0.9196,0.7153,0.8161,0.594,0.7469,0.563,0.6942,0.7216,0.898,0.7007,1.5014,1.5024,1.0654,0.4318,0.5221,0.6774,0.6697,0.6987
CD47,3.2796,3.3204,3.4358,3.4408,3.9544,3.735,4.1849,3.7623,4.2861,4.0423,4.2266,3.7289,3.8854,3.312,3.7095,3.818,4.0461,3.3933,3.8562,3.763,3.8042,3.7626,3.894,3.7541,3.8776,3.8168
CD48,3.2918,3.5705,3.0421,3.6477,3.3735,2.6122,3.8546,3.3152,3.9942,3.5532,3.7748,3.4566,3.6346,2.8401,3.3337,3.4267,4.259,1.234,4.0204,3.7569,3.4804,2.7779,2.7058,3.3987,2.3334,3.4775
CD49a,0.1083,0.1759,0.0765,0.2152,0.0631,0.1431,0.1593,0.1463,0.2887,0.0661,0.1,0.2158,0.2385,0.1427,0.2673,0.0423,0.2453,0.0161,0.5738,0.7241,0.2826,0.1336,0.2104,0.2063,0.3323,0.3256
CD49b,0.0595,0.0792,0.0714,0.1041,0.2466,0.2647,0.0805,0.0252,0.1286,0.0478,0.1041,0.07,0.0407,0.0186,0.0172,0.0203,0.2101,0.0073,0.8103,0.8609,0.2906,0.0744,0.1524,0.0205,0.2056,0.0552
CD49c,0.2446,0.4656,0.1338,0.4909,0.22,0.0923,0.3956,0.1518,0.6606,0.1273,0.55,0.2606,0.3539,0.2046,0.3679,0.1283,0.3989,0.0,0.5968,0.4913,0.4109,0.1225,0.2401,0.3407,0.3706,0.3289
CD49d,1.6282,2.2186,1.5198,2.2791,1.9571,1.5752,1.1999,1.4771,1.7919,0.9147,0.6292,1.3969,2.1237,2.4958,2.442,1.1991,3.0514,0.0,3.2667,2.4831,3.2078,2.1387,1.8955,2.77,2.7609,2.3332
CD49e,0.1923,0.2012,0.1162,0.1942,0.2452,0.4233,1.2549,1.0187,1.9368,0.4665,1.514,0.8987,1.213,1.3452,1.6007,0.3686,3.3611,0.6013,2.9562,3.7266,1.5027,1.701,1.8919,1.7171,0.4297,0.853
CD49f,0.2015,0.3454,0.177,0.462,0.1561,0.6458,2.4284,1.4292,2.6974,1.099,2.6939,1.061,1.4328,0.4618,1.1507,0.7412,0.6535,0.6933,2.3896,2.471,1.0907,1.4798,1.4442,1.4955,0.4799,0.922
CD4_Lyo,0.4914,0.5808,0.4546,0.652,0.506,0.3301,4.1846,3.7503,4.1832,4.0013,4.0557,0.362,0.6898,0.7426,0.6983,0.7454,2.5822,0.7185,2.8572,2.6054,2.1803,0.5128,0.362,1.7317,3.0539,0.3957
CD5,1.3153,1.0353,1.5619,1.2867,1.8548,2.2965,0.3766,1.0107,0.2573,1.5851,0.2777,1.7594,1.4901,1.0709,0.9031,2.3349,3.0231,2.3236,4.2306,4.1493,5.0793,1.1766,1.2381,0.7665,3.2228,1.2704
CD50,5.0303,5.2863,5.0255,5.3669,5.0288,4.4686,4.6067,4.6562,5.0062,4.3616,4.7284,4.5863,4.9763,5.4928,5.3075,4.508,5.093,5.9862,5.2703,5.6835,5.3007,5.1054,4.8415,5.5615,4.1613,5.2757
CD51,0.0987,0.1956,0.0287,0.2467,0.117,0.0778,0.1751,0.2011,0.2102,0.123,0.154,0.1924,0.0729,0.0395,0.1478,0.1102,0.6915,0.17,1.4696,2.1599,0.3192,0.1772,0.3239,0.1572,0.1986,0.2162
CD52,3.8052,4.1996,3.3112,4.0619,3.6364,0.8718,3.2181,2.5575,3.2036,2.737,3.119,2.4857,2.5721,1.6915,2.2856,2.5681,2.3445,0.112,3.5946,3.222,2.9412,0.5681,1.1973,2.0922,0.8202,2.1968
CD54,1.0652,1.6017,0.9326,1.6758,0.939,0.7812,0.6226,0.6421,1.0205,0.3779,0.7117,0.7649,1.4824,1.7399,1.6689,1.2364,2.6615,1.245,3.2648,2.7442,2.4968,0.8864,1.2695,1.6835,2.3553,1.2358
CD55,1.9642,2.2395,2.5192,2.5905,2.8348,3.0793,1.655,1.4662,1.4,1.9515,1.4684,1.315,1.0757,0.5766,0.8076,2.3949,1.5791,2.3828,2.6691,3.1655,2.0335,0.5862,1.2273,0.7337,1.3706,0.903
CD56,0.4617,0.5972,0.4237,0.6652,0.4133,0.1421,0.2885,0.2465,0.3844,0.2039,0.3006,0.2962,0.2262,0.2408,0.3107,0.1147,0.4949,0.4729,0.6431,0.7708,0.6096,0.6393,1.14,0.6849,0.2799,0.4612
CD56_Lyo,0.2162,0.307,0.1787,0.334,0.2295,0.0011,0.5811,0.495,0.594,0.5129,0.5231,0.0218,0.0133,0.1952,0.0387,0.0292,0.333,0.3753,0.3245,0.2318,0.1015,3.9373,4.5679,3.4156,0.2346,0.8669
CD57,0.1446,0.2055,0.0999,0.2165,0.0715,0.1275,0.1269,1.6239,0.4086,0.0712,0.1422,0.3101,0.7267,4.0463,2.1645,0.0653,0.3547,0.1133,0.3268,0.3903,0.2889,1.3218,0.415,4.219,0.2911,0.6348
CD58,1.3806,2.1476,0.9652,2.1188,1.2678,2.5393,2.4092,1.5683,3.2583,0.8957,2.7855,2.3202,2.7562,2.6713,2.9548,1.1252,3.5216,3.3149,3.6892,3.9988,3.1302,2.4772,2.3797,2.8805,1.6179,2.722
CD59,2.1457,2.3348,2.0478,2.9489,1.6342,4.6549,3.5955,2.7965,3.3369,3.3133,3.5429,2.6184,2.5106,1.4699,1.9353,2.6747,4.2993,3.822,3.1846,3.8952,1.1068,1.4947,1.925,2.1214,2.6507,2.3506
CD6,0.8096,0.9286,0.9972,1.3704,0.5448,0.2917,4.4727,4.3329,4.8588,4.241,3.9964,3.3314,3.9785,3.3813,4.1506,3.9302,1.3448,0.3416,0.6361,0.7899,0.4838,1.8386,0.7921,3.8087,0.5499,3.4825
CD61,0.3439,0.3901,0.3482,0.5654,0.2617,2.1563,0.2253,0.3038,0.3045,0.148,0.2369,0.3255,0.1955,0.2836,0.238,0.0602,1.256,1.6679,4.2034,4.1758,2.6177,0.1622,0.2253,0.3438,0.9889,0.2583
CD62E,0.4694,0.919,0.2356,0.771,0.3388,0.4658,0.2847,0.1843,0.3275,0.211,0.2804,0.2251,0.1891,0.1481,0.164,0.1598,0.4361,0.0498,0.6029,0.5799,0.4471,0.1837,0.1718,0.1613,0.3544,0.1731
CD62L,0.741,1.2291,0.8944,0.9864,0.5119,3.4822,1.8218,1.7302,0.7747,2.2895,1.8943,1.049,0.7951,0.3929,0.3813,2.2915,0.8587,0.1325,0.6291,0.9574,0.3799,0.4614,0.8727,0.5141,0.8274,1.0409
CD62P,0.1873,0.2333,0.1701,0.2472,0.3141,0.3264,0.2179,0.1877,0.2662,0.1915,0.21,0.2402,0.183,0.1574,0.1672,0.1467,0.6105,0.2768,1.9312,2.1969,0.5871,0.1738,0.2189,0.1947,0.6122,0.3025
CD63,1.3845,1.6513,0.8799,1.6636,0.8326,2.3688,0.3434,0.4731,0.5843,0.2365,0.3601,0.6787,0.6591,1.249,0.938,0.2673,2.5076,2.1166,3.2826,3.2527,1.6708,1.9881,2.2591,1.4598,1.1612,1.5849
CD64,0.3055,0.2552,0.3739,0.2957,0.5171,0.0232,0.1214,0.1111,0.1565,0.0889,0.1056,0.0961,0.0512,0.0088,0.057,0.0546,0.4548,0.0417,0.6105,0.526,0.3377,0.1023,0.0934,0.0481,0.4414,0.1085
CD66ace,0.1663,0.1673,0.1523,0.3146,0.1452,0.1234,0.0635,0.0222,0.1021,0.0376,0.0594,0.0631,0.0213,0.0147,0.0087,0.0222,0.1898,3.8794,0.4599,0.3323,0.8688,0.0694,0.1457,0.0526,0.2233,0.1156
CD66b,0.2731,0.4196,0.1498,0.4175,0.1608,0.0891,0.1042,0.0874,0.1399,0.1015,0.1172,0.1383,0.086,0.1313,0.1067,0.0801,0.3727,3.5886,0.3716,0.4445,0.2582,0.1311,0.1986,0.1243,0.2509,0.1133
CD66b_Lyo,0.0069,0.0517,0.0021,0.0516,0.007,0.0071,0.0,0.0001,0.0,0.0002,0.0,0.0017,0.0001,0.0006,0.0003,0.0004,0.0025,4.9193,0.0091,0.0014,0.0012,0.0002,0.0004,0.0004,0.0177,0.0003
CD69,0.3436,0.43,0.4287,0.5705,0.8702,0.3134,0.5138,0.17,0.5114,0.1981,0.46,0.5869,0.439,0.3131,0.3809,0.1889,1.2321,0.0616,1.1042,1.3295,0.4465,0.5243,0.5055,0.3641,0.3155,0.869
CD7,0.0844,0.2794,0.0751,0.3024,0.1847,0.097,3.7985,3.5938,2.5414,4.4766,3.1212,3.4187,3.4864,3.2958,3.1188,4.3928,0.813,0.2637,1.4746,2.0798,0.3999,4.9607,5.5768,3.5674,0.6156,4.2121
CD70,0.268,0.6462,0.1412,0.6248,0.1913,0.1144,0.1895,0.167,0.2969,0.1276,0.2254,0.1872,0.1752,0.0927,0.1921,0.1188,0.361,0.0653,0.371,0.3369,0.3227,0.1567,0.2731,0.2262,0.2479,0.1912
CD71,0.4014,0.4904,0.5757,0.6772,0.2312,0.1727,0.2059,0.1422,0.2091,0.1719,0.1854,0.1755,0.1313,0.0596,0.1017,0.1168,0.8792,0.1276,1.7102,2.2405,0.5379,0.1756,0.2662,0.1518,0.6676,0.2946
CD73,1.4984,1.536,2.4949,1.7737,0.5389,0.079,0.1946,0.2177,0.2255,0.2447,0.1492,0.5665,1.2012,1.1904,1.1677,2.2555,0.3366,0.3827,0.9034,1.0291,0.3677,0.2103,0.2357,0.9346,0.2405,0.4088
CD74,3.1536,2.8829,2.8585,2.9243,2.7385,0.116,0.1587,0.1668,0.2188,0.1087,0.1399,0.2526,0.2078,0.2453,0.1967,0.1368,1.1792,0.0919,1.0491,0.9972,0.567,0.5859,0.8698,0.244,0.7817,0.5568
CD79b,3.4938,4.3105,2.8728,3.7487,4.1572,1.1246,0.2296,0.2021,0.2424,0.1819,0.2046,0.264,0.1675,0.1547,0.1691,0.1917,0.5106,0.0878,0.9469,0.9045,0.5432,0.1873,0.2939,0.1724,0.2851,0.23
CD8,0.228,0.4068,0.1753,0.6229,0.275,0.1743,0.1423,0.2019,0.2714,0.14,0.1582,0.4583,5.1148,5.2766,5.2526,5.0847,0.4402,0.0261,0.4049,0.4407,0.3113,1.595,1.2873,3.6958,0.2728,0.9226
CD80,0.5478,0.8851,0.5401,0.9723,0.5266,0.1137,0.5456,0.4088,0.6492,0.4141,0.5784,0.2331,0.2232,0.1419,0.213,0.161,0.3894,0.0373,0.4967,0.5368,0.3484,0.1208,0.1515,0.2845,0.4485,0.463
CD81,2.6433,3.1547,2.8904,3.3306,4.0251,0.6562,3.0973,3.0775,3.5838,2.8145,3.0912,3.6419,3.7136,3.7288,3.7098,2.4978,2.7685,0.7308,2.6214,2.087,2.1605,3.0367,3.046,3.7234,1.1104,3.9503
CD82,2.7153,4.1409,2.1774,3.4967,2.7042,3.3764,2.57,1.2947,2.926,1.3806,2.4249,1.2857,1.5778,0.6372,1.2604,0.9014,1.0239,1.875,2.2248,2.9855,1.0672,0.4574,0.929,1.493,1.31,1.5355
CD83,0.6629,0.7346,0.692,0.6416,1.2544,1.7705,0.4358,0.3645,0.4639,0.33,0.4147,0.5027,0.3163,0.3692,0.3015,0.2559,1.555,0.4569,2.0593,1.7616,2.0723,0.4272,0.5506,0.3702,1.1833,0.6168
CD84,1.1014,1.1398,0.5474,0.8224,0.7812,2.0595,1.1868,0.4864,1.7734,0.4225,1.1657,1.2603,1.5137,0.9992,1.3531,0.7331,2.3929,0.2381,2.3454,2.7721,0.885,0.3282,0.6058,0.9863,1.0098,1.3401
CD85a,0.0206,0.1335,0.0007,0.032,0.0321,0.7141,0.09,0.0685,0.1532,0.0205,0.0946,0.0772,0.0198,0.0063,0.0572,0.0043,2.38,2.7764,3.5539,3.5121,2.7396,0.071,0.0706,0.07,0.2582,0.0754
CD85d,0.1374,0.2034,0.0522,0.205,0.1206,0.1595,0.3058,0.1217,0.369,0.1069,0.2989,0.1826,0.1596,0.0919,0.1305,0.1025,0.6531,1.2716,2.8011,2.1068,2.9763,0.1411,0.2604,0.1166,0.699,0.1804
CD85g,0.5084,0.7345,0.3497,0.696,0.4643,0.492,0.7573,0.4735,1.1445,0.3888,0.7959,0.6275,0.7279,0.5876,0.6636,0.2864,1.0076,0.1622,0.9414,1.1893,0.4633,0.4914,0.5496,0.661,1.4607,0.8653
CD85h,0.0485,0.049,0.023,0.0627,0.1068,0.5132,0.0529,0.0096,0.0609,0.0239,0.0503,0.1149,0.0193,0.008,0.0222,0.0085,1.907,0.5906,2.2841,2.3941,1.1189,0.0446,0.1084,0.0019,0.2078,0.0773
CD85k,0.4599,,0.319,0.6327,0.559,,0.3986,0.3546,0.4391,0.3117,0.3614,0.4581,0.3164,0.3371,0.2306,0.2845,2.4842,0.0908,2.0196,1.8214,1.0495,0.3185,0.3412,0.3084,,0.408
CD87,0.0062,0.0083,0.0014,0.0779,0.0,0.0,0.0128,0.0425,0.0141,0.0,0.006,0.0,0.0,0.0,0.0,0.0,0.1451,0.0,0.2056,0.2171,0.1554,0.0002,0.0002,0.0,0.0747,0.0051
CD88,0.122,0.1393,0.0682,0.1845,0.1046,3.1157,0.1609,0.1154,0.1613,0.1296,0.1199,0.1179,0.1237,0.0873,0.1195,0.1021,0.6481,3.6925,4.0937,3.9148,4.0847,0.1829,0.4225,0.107,0.3485,0.2052
CD89,0.0648,0.0734,0.0052,0.1469,0.0768,0.0494,0.0357,0.0215,0.0495,0.0022,0.0328,0.0304,0.0063,0.0,0.003,0.0029,0.2284,3.7459,2.6739,3.5191,0.7679,0.0077,0.0248,0.0152,0.1342,0.0436
CD8_Lyo,0.6629,0.7733,0.6097,0.846,0.6618,0.4938,1.3509,1.1838,1.3827,1.2187,1.2832,0.8318,5.1831,5.2093,5.2355,5.2058,1.0221,1.063,1.0973,0.8575,1.1193,2.0176,1.372,3.7829,0.8984,1.1354
CD8a,0.0417,0.2164,0.0495,0.2354,0.0148,0.0448,0.0434,0.0866,0.1228,0.0297,0.0405,0.4354,4.4337,4.7918,4.6422,4.6303,0.219,0.0,0.2889,0.3021,0.1725,1.2711,0.8273,3.357,0.1627,0.4913
CD9,0.1788,0.3051,0.7467,0.4119,4.1029,6.2015,0.2132,0.5195,0.2187,0.6844,0.1725,0.3427,0.2269,0.1514,0.2505,1.4077,2.3471,2.1971,5.0251,4.8543,3.1761,0.1507,0.2456,0.3107,2.302,0.2277
CD90,0.0407,0.0837,0.0174,0.111,0.0557,0.0275,0.049,0.0408,0.0921,0.0132,0.0539,0.0854,0.0674,0.0468,0.0767,0.0564,0.1555,0.0,0.2934,0.3037,0.1729,0.0235,0.0588,0.0816,0.1354,0.033
CD92,0.5123,0.7072,0.4827,0.7477,0.6162,0.2319,0.2254,0.345,0.234,0.349,0.2041,0.4271,0.137,0.297,0.168,0.4504,0.7715,0.3421,1.0156,1.4719,0.5162,0.3588,0.3554,0.2504,0.6566,0.3456
CD93,0.0274,0.0535,0.0032,0.0318,0.094,0.0017,0.0384,0.0228,0.084,0.0037,0.0471,0.0284,0.0055,0.0297,0.0,0.0009,2.4255,0.9535,2.8708,3.4319,1.2332,0.067,0.0731,0.0144,1.0883,0.0472
CD94,0.0211,0.055,0.0142,0.1081,0.0132,0.0093,0.0388,0.0764,0.068,0.0011,0.036,0.1661,0.1383,0.6833,0.383,0.0408,0.2022,0.0,0.2741,0.2799,0.1876,3.2002,3.7293,0.6667,0.0766,1.9052
CD95,0.2175,1.0454,0.1169,0.9247,0.1438,1.0391,1.7142,0.3511,2.4249,0.1544,2.5257,1.4118,1.6801,1.327,1.5694,0.2015,1.8371,1.1394,1.8166,2.3777,1.3474,0.6568,0.7289,1.1949,0.2553,1.5066
CD96,0.5329,0.9846,0.3705,0.7524,0.4449,0.3036,0.5264,0.3821,0.6245,0.4159,0.4491,0.5285,0.443,0.2786,0.4335,0.4086,0.4055,0.0715,0.5471,0.5777,0.318,0.2743,0.483,0.438,0.3906,0.5494
CD97,1.4932,2.7962,0.7342,2.1969,0.9229,3.5194,1.2714,0.747,1.4324,0.768,1.0661,1.1022,0.9679,0.5946,0.8827,0.744,2.5523,1.695,3.5289,3.4035,3.4249,1.0748,1.6207,0.8228,2.1318,1.0986
CD99,2.2054,3.279,1.8548,3.1344,1.5842,2.2572,4.3513,3.5177,5.1205,3.1375,4.541,4.5158,4.7661,4.6432,4.8578,3.0171,4.3561,0.2944,3.8812,4.5757,1.0467,4.3512,3.9531,4.8989,4.0241,4.7234
CRTAM,0.0064,0.0415,0.0,0.0753,0.0389,0.0428,0.006,0.0,0.0494,0.0,0.0253,0.0134,0.0469,0.0251,0.0195,0.0141,0.7179,0.2034,1.9729,2.6395,0.5019,0.0073,0.0389,0.0309,0.1926,0.0348
CXCL16,0.1417,0.2186,0.1377,0.2411,0.1932,0.3508,0.2628,0.2475,0.2212,0.2635,0.2144,0.3163,0.1499,0.0843,0.1606,0.1865,0.484,0.105,0.949,0.7422,1.0085,0.2544,0.3883,0.1609,0.2641,0.2818
CXCR7,0.6447,0.8463,0.4452,0.753,0.5251,1.5171,0.2264,0.2837,0.2174,0.378,0.2064,0.3905,0.1768,0.3575,0.1338,0.4494,1.9749,1.5783,0.6429,0.8395,0.4761,0.5622,0.5362,0.2765,0.7543,0.3576
Cadherin11,0.032,0.0586,0.0044,0.0242,0.0931,0.0225,0.0089,0.0304,0.0252,0.0,0.0038,0.0399,0.0,0.0065,0.0,0.0,0.1306,0.0067,0.1694,0.1577,0.1288,0.0037,0.0524,0.0,0.0793,0.0124
DLL1,0.0041,0.0569,0.0086,0.0933,0.0505,0.0303,0.0541,0.0201,0.0884,0.0287,0.0601,0.11,0.0296,0.0112,0.0151,0.0088,0.2186,0.0,0.1761,0.1475,0.1822,0.0654,0.1299,0.0083,0.2012,0.0583
DLL4,0.0065,0.1032,0.0046,0.1429,0.0583,0.0433,0.0531,0.0373,0.077,0.0228,0.0528,0.0323,0.0309,0.0126,0.0227,0.0092,0.2077,0.0,0.2006,0.1503,0.1666,0.018,0.0606,0.0156,0.1695,0.0482
DR3,0.0122,0.0342,0.0077,0.1542,0.0332,0.0365,0.0803,0.0252,0.1388,0.0547,0.0514,0.0951,0.0322,0.0088,0.0,0.0257,0.1809,0.0,0.1805,0.1751,0.1858,0.0422,0.0677,0.0249,0.1908,0.0944
DeltaOpioidReceptor,1.3118,1.4848,1.2751,1.4169,1.3249,0.3089,0.2473,0.8888,0.2721,1.0716,0.2655,1.1486,0.3709,1.0507,0.5835,1.1757,2.5924,1.7219,1.3553,1.888,1.0898,1.7188,2.0595,1.0476,1.1852,1.211
DopamineReceptorD1,1.3869,1.5333,1.2627,1.6005,1.4043,0.2697,0.4026,1.1399,0.3514,1.1712,0.3231,1.0798,0.4233,1.2187,0.5547,1.2297,1.5045,0.4339,1.9781,2.071,1.7601,1.1623,1.1515,1.0678,1.3847,0.7704
EGFR,0.0141,0.0599,0.0092,0.0786,0.0099,0.0022,0.0586,0.0067,0.0754,0.0274,0.0592,0.0356,0.0269,0.0,0.0138,0.0267,0.3123,0.0094,0.2349,0.1919,0.1894,0.0394,0.0662,0.0118,0.2322,0.0698
EphA2,0.3695,0.5006,0.3034,0.6033,0.5179,0.572,0.3435,0.2548,0.33,0.2957,0.3268,0.3367,0.2383,0.2421,0.2436,0.2516,1.5001,0.5734,2.0228,2.1481,1.2588,0.3073,0.5208,0.2434,1.0857,0.3506
FPR3,0.0193,0.049,0.0041,0.1362,0.0656,0.0168,0.0544,0.0513,0.115,0.0052,0.0306,0.0566,0.0444,0.0,0.0033,0.0,0.7779,0.3485,2.1545,2.596,0.4248,0.0336,0.122,0.0,0.1824,0.0805
FceRIa,0.4383,0.5608,0.3643,0.777,0.3905,2.3649,0.3645,0.3551,0.3447,0.3181,0.3461,0.3837,0.299,0.2306,0.2721,0.2773,2.3407,0.6127,1.1102,1.6319,0.6281,0.3118,0.4136,0.2699,1.5755,0.3742
GARP,0.0942,0.0545,0.0298,0.1085,0.071,0.0465,0.0268,0.0154,0.0672,0.0013,0.0283,0.0201,0.0021,0.0,0.007,0.0,0.1832,0.0,0.3967,0.4599,0.2164,0.0327,0.0302,0.0082,0.099,0.0466
GITR,0.0674,0.0897,0.0261,0.2618,0.0998,0.0433,0.1241,0.0567,0.259,0.0437,0.1839,0.0751,0.0515,0.0203,0.0507,0.0227,0.5657,0.0917,1.3401,1.9297,0.2611,0.1747,0.2117,0.0593,0.2378,0.1006
GPR19,0.1293,,0.1108,0.251,0.209,,0.1959,0.0743,0.3085,0.1395,0.1871,0.3109,0.1265,0.1413,0.0915,0.0536,0.4019,0.1797,0.3958,0.2782,0.2892,0.1583,0.1381,0.2414,,0.1642
GPR56,0.1705,,0.0721,0.3691,0.1589,,0.1426,1.0462,0.3525,0.1759,0.1313,0.6055,0.6353,2.8184,1.809,0.0917,0.1697,0.1709,0.3867,0.2935,0.2908,3.0544,2.3658,1.6271,,1.9109
GPR83,0.0162,0.1009,0.0122,0.2159,0.1003,2.4225,0.0563,0.0032,0.0871,0.0001,0.0236,0.0908,0.0141,0.001,0.0259,0.0014,4.0757,3.1811,3.8392,3.9451,3.4579,0.0707,0.2349,0.0283,1.216,0.1766
GangliosideGD2,0.0771,0.1148,0.0046,0.1524,0.0863,0.2952,0.0637,0.0209,0.1327,0.0053,0.0359,0.1161,0.0214,0.0182,0.042,0.0105,1.4063,0.4752,2.391,2.8498,0.8326,0.0528,0.122,0.021,0.253,0.0583
HLAABC,4.4514,5.1553,3.4191,5.0678,3.5806,3.8873,3.4194,2.8861,3.7108,2.774,3.3954,3.3462,3.3975,3.4791,3.4471,2.7635,3.8552,1.7417,4.6408,4.3476,3.9116,3.1873,2.8081,3.4509,3.1879,3.5673
HLADR,4.8864,4.8617,4.8615,4.7544,4.9226,0.4418,0.2439,0.2349,0.4494,0.1687,0.3268,0.4836,0.4541,0.6907,0.5476,0.1978,5.9075,0.3239,5.1619,4.1065,4.4756,0.3986,0.5912,0.3268,5.1741,0.5387
HLADR_Lyo,4.9021,4.8765,4.8517,4.8295,4.7312,0.0115,0.0135,0.0404,0.1828,0.003,0.3021,0.1471,0.2244,0.3822,0.2607,0.0137,5.5723,0.0805,5.3722,3.6047,3.8608,0.0743,0.2269,0.0855,4.549,0.1489
HLAE,0.7721,,0.5686,1.2259,0.4108,,0.7558,0.6762,1.0228,0.5066,0.806,0.7212,0.796,0.8254,0.9062,0.489,1.0305,0.6262,1.2373,1.1425,1.1437,0.8641,0.6045,0.8982,,0.85
HVEM,1.2917,,1.4232,1.4399,1.3494,,1.3103,1.0452,1.3764,1.1566,1.3327,0.9381,1.1823,0.7637,0.9844,1.0361,0.6988,0.4784,1.4998,1.2577,1.087,0.9039,0.6145,1.1296,,1.2763
IFNgrbchain,0.1445,0.1845,0.1016,0.2146,0.1493,0.1294,0.1792,0.1548,0.2094,0.143,0.1431,0.104,0.1051,0.0922,0.1105,0.1162,0.33,0.1013,0.3586,0.3384,0.3287,0.1635,0.2651,0.1479,0.4047,0.1256
IL15Ra,0.1416,0.1248,0.0613,0.0983,0.0484,0.0215,0.1013,0.0962,0.1378,0.0211,0.1129,0.0571,0.0542,0.0236,0.032,0.0061,0.3858,0.0598,0.4875,0.6092,0.2351,0.0643,0.1053,0.0574,0.175,0.0657
IL21R,0.1662,0.067,0.1889,0.1718,0.2915,0.0488,0.1119,0.0602,0.1462,0.0656,0.0862,0.1547,0.0747,0.0625,0.0815,0.0503,0.3227,0.0896,0.2684,0.2001,0.335,0.088,0.1585,0.0569,0.2538,0.1221
IgD,3.6396,1.3969,3.9777,1.51,4.1618,0.1579,0.1743,0.1129,0.2128,0.1887,0.1393,0.4068,0.1303,0.1818,0.0742,0.1187,1.2283,0.305,2.8473,2.9689,0.7653,0.2485,0.2854,0.1457,0.5617,0.2276
IgD_Lyo,3.4481,1.6944,3.6558,1.0522,3.6562,0.0859,0.1285,0.1261,0.1335,0.1123,0.127,0.0975,0.1843,0.2075,0.1893,0.1991,0.2447,0.1885,0.2429,0.1733,0.2638,0.1436,0.1045,0.1748,0.1656,0.1191
IgM,3.398,,2.772,2.8214,4.6227,,0.1272,0.1277,0.1984,0.1535,0.1275,0.3296,0.1313,0.1314,0.1448,0.0772,1.2532,0.1358,0.44,0.3371,0.5744,0.4339,0.6498,0.2991,,0.2581
Iglightchainkappa,2.4885,,2.1387,2.9934,2.7742,,0.1298,0.105,0.0954,0.059,0.0579,0.2597,0.1096,0.1437,0.085,0.076,1.2999,0.6404,2.961,3.1558,1.6862,0.5759,0.505,0.4053,,0.2871
Iglightchainlambda,1.9285,1.8174,1.652,1.1664,2.3182,3.6483,0.1538,0.1826,0.1912,0.1316,0.1465,0.3481,0.1635,0.1969,0.2503,0.1111,3.1476,0.6742,3.1962,3.2425,2.1874,0.8598,0.336,0.276,2.5595,0.3417
Integrina9b1,0.0621,0.0994,0.0327,0.172,0.0629,0.2185,0.0795,0.0483,0.1164,0.0513,0.0768,0.0897,0.0313,0.0199,0.0225,0.0187,0.2157,0.8798,0.2162,0.2829,0.2422,0.0328,0.1585,0.028,0.1661,0.0866
Jagged2,0.0336,0.0807,0.0537,0.1092,0.0511,0.0161,0.0674,0.0351,0.1066,0.0416,0.0686,0.1018,0.0335,0.0148,0.0257,0.008,0.3267,0.1283,0.2049,0.1848,0.2043,0.0608,0.0493,0.0221,0.3287,0.0824
KLRG1,1.0085,1.1047,1.0621,1.0488,1.1727,0.3547,0.3125,1.2615,0.7315,0.2282,0.2931,1.2614,1.1005,1.1292,1.14,0.1778,1.5587,0.1464,1.7549,1.8262,0.4909,0.899,0.8266,1.2791,0.3008,1.6325
Ksp37,0.0541,0.0598,0.0184,0.1046,0.0108,0.032,0.0576,0.0603,0.1036,0.0202,0.052,0.0921,0.032,0.0055,0.0299,0.0086,0.2579,0.0524,0.2485,0.1539,0.1447,0.0397,0.0406,0.0368,0.115,0.0661
LAP,0.0662,0.0793,0.0521,0.0813,0.1168,0.1716,0.0753,0.043,0.1095,0.0205,0.0792,0.1554,0.0183,0.0156,0.011,0.0158,0.3021,0.1253,0.5817,0.5117,0.3345,0.0484,0.0702,0.0269,0.1273,0.0786
LOX1,1.9826,1.9657,1.8761,2.2968,2.062,0.0998,0.1047,0.0895,0.1605,0.107,0.1213,0.1717,0.1111,0.1263,0.0643,0.0904,1.3752,0.6912,1.3858,1.587,0.3506,0.1384,0.1225,0.1091,0.2542,0.2007
LY6G6D,0.097,0.0465,0.028,0.0456,0.0633,0.0185,0.0911,0.0633,0.114,0.0543,0.0789,0.1277,0.055,0.0187,0.022,0.0412,0.2065,0.0791,0.1735,0.1926,0.2317,0.0441,0.1029,0.073,0.1734,0.0788
LymphotoxinbReceptor,0.0569,0.1069,0.0399,0.1228,0.0928,0.0673,0.0492,0.0348,0.088,0.0078,0.0448,0.0297,0.0098,0.0,0.0292,0.0025,0.4631,0.4286,0.8121,0.6765,0.5124,0.0501,0.1277,0.033,0.2716,0.0758
MERTK,0.0187,0.0188,0.0,0.0197,0.0,0.0218,0.004,0.0034,0.014,0.0,0.0052,0.0216,0.0,0.0,0.0,0.0,0.2195,0.0638,0.4472,0.2695,0.3434,0.0055,0.0186,0.0029,0.1341,0.0398
MICAMICB,1.9407,2.2423,1.8065,2.1532,2.0781,0.8089,0.1303,0.1,0.1678,0.105,0.1002,0.2658,0.148,0.1913,0.1089,0.0862,1.9884,1.2208,2.3254,2.3865,1.7572,0.6294,0.9754,0.1669,0.2028,0.9267
MRGX2,0.0606,0.0549,0.0116,0.1364,0.0595,0.0732,0.0617,0.0302,0.0918,0.0108,0.0423,0.0469,0.0134,0.0,0.0326,0.0059,0.2233,0.1173,0.3257,0.3227,0.2506,0.0441,0.1113,0.0174,0.1268,0.0904
MSC,0.1572,0.3452,0.0743,0.2701,0.1243,0.4395,0.0922,0.0814,0.1277,0.0484,0.0847,0.1239,0.0677,0.0999,0.0642,0.0673,1.147,0.7575,1.6269,1.6579,1.0688,0.5332,0.5826,0.1664,0.205,0.1601
MSCA1,0.0,0.0332,0.0,0.0318,0.0,0.0,0.0,0.0,0.0251,0.0,0.0,0.0154,0.0,0.0,0.0,0.0,0.123,0.2444,0.1265,0.1091,0.0838,0.0006,0.0763,0.0013,0.0707,0.0065
MSCandNPC,1.2773,1.3226,1.0464,1.3829,1.0462,0.9885,0.6545,0.5901,0.6606,0.6285,0.6217,0.6835,0.6133,0.5602,0.6058,0.612,1.2515,0.8855,1.6275,1.4282,1.5399,0.9241,0.9999,0.5758,1.2997,0.7613
MUC13,0.0,0.0,0.0,0.0,0.0,0.0,0.0,0.0,0.0154,0.0,0.0,0.0,0.0,0.0,0.0,0.0,0.1334,0.0161,0.1025,0.1029,0.0942,0.0059,0.034,0.0099,0.1495,0.0
MouseIgG1kisotypecontrol,0.4829,0.7397,0.431,0.7421,0.4276,0.0869,0.1639,0.2852,0.1847,0.2641,0.1621,0.2883,0.1235,0.2739,0.1159,0.3167,0.3389,0.0331,0.3513,0.3585,0.3426,0.2841,0.326,0.2415,0.2708,0.2605
MouseIgG2akisotypecontrol,0.0638,0.0644,0.0418,0.1147,0.139,0.051,0.0337,0.0085,0.0404,0.0045,0.0235,0.0288,0.0113,0.0107,0.0,0.0,0.5048,0.2215,1.499,2.11,0.2882,0.0021,0.0513,0.0007,0.1059,0.0
MouseIgG2bkisotypecontrol,0.1296,0.132,0.106,0.1801,0.0764,0.0183,0.0565,0.0059,0.037,0.0,0.0801,0.1005,0.0625,0.0613,0.0128,0.0024,0.1734,0.0384,0.2645,0.3406,0.1787,0.0715,0.0706,0.0629,0.2269,0.0622
MouseIgG3kisotypecontrol,0.3747,0.6015,0.2124,0.551,0.2122,0.0711,0.1681,0.1015,0.2178,0.1031,0.1906,0.1581,0.1564,0.1362,0.1668,0.0993,0.4573,0.0922,0.7442,0.8706,0.3816,0.1365,0.2338,0.1534,0.3196,0.1996
MouseIgMisotypecontrol,0.7305,1.0287,0.6386,1.0506,0.8019,0.1353,0.1999,0.5861,0.2178,0.5907,0.2081,0.6101,0.1532,0.66,0.1693,0.736,0.5189,0.0938,0.5273,0.5028,0.5061,0.5169,0.5,0.5062,0.5482,0.279
NKp80,0.0,0.0837,0.0,0.0253,0.0383,0.0,0.0,0.1662,0.0165,0.0,0.0,0.0405,0.0,0.5264,0.087,0.0,0.1485,0.0,0.0626,0.1008,0.0556,1.9171,1.5909,0.5531,0.026,0.281
NPC,0.0141,0.0772,0.0108,0.143,0.03,0.0,0.0645,0.0351,0.1113,0.0221,0.0428,0.1073,0.0484,0.0079,0.0396,0.0034,0.2112,0.0061,0.1838,0.194,0.1991,0.0504,0.0831,0.0188,0.1364,0.1213
NTBA,1.2131,1.4007,1.1556,1.3349,1.4009,0.2828,0.7456,0.783,1.2977,0.4046,0.877,1.0348,1.1614,1.3941,1.3655,0.5323,0.299,0.0671,0.2737,0.2116,0.2056,1.236,1.2002,1.4816,0.1916,1.2945
Notch1,0.1124,0.137,0.1008,0.1757,0.0986,0.2647,0.1453,0.1085,0.1662,0.1412,0.134,0.1783,0.1486,0.1523,0.1249,0.0872,0.2724,0.1067,0.3867,0.4535,0.2766,0.3007,0.4338,0.1859,0.3818,0.175
Notch2,0.272,0.2786,0.1972,0.267,0.2157,0.4858,0.255,0.2791,0.3641,0.1927,0.2229,0.4353,0.3903,1.3213,1.033,0.1917,1.136,0.2776,2.052,2.5569,0.9178,0.6428,0.517,1.4212,0.57,1.4859
Notch3,0.0628,0.1227,0.0183,0.1505,0.0955,0.0406,0.078,0.0287,0.115,0.0252,0.0497,0.0505,0.0547,0.0375,0.0393,0.0272,0.1605,0.001,0.2156,0.1826,0.2191,0.051,0.0696,0.0556,0.3525,0.0822
Notch4,0.0437,0.1103,0.0107,0.0679,0.1126,0.0957,0.0774,0.0367,0.0994,0.0236,0.0763,0.0819,0.0545,0.0413,0.0311,0.015,0.2391,0.0,0.2713,0.2021,0.2103,0.0579,0.1355,0.0445,0.0989,0.1282
PSMA,0.019,0.0727,0.0001,0.0606,0.0944,0.0377,0.0604,0.0215,0.1056,0.0168,0.0411,0.0944,0.0282,0.0224,0.0285,0.0079,0.177,0.0118,0.2047,0.175,0.2095,0.0455,0.0502,0.0356,0.2003,0.0707
ROR1,0.0854,0.1109,0.0,0.0951,0.0435,0.0,0.0,0.0,0.0183,0.0,0.0,0.0,0.0,0.0,0.0,0.0,0.2164,0.0875,0.5485,1.0637,0.1262,0.0,0.0,0.0,0.1301,0.0045
RatIgG1kisotypecontrol,0.03,0.0168,0.0807,0.1415,0.1826,1.4544,0.1575,0.0414,0.1283,0.1198,0.1297,0.0708,0.0219,0.0111,0.0045,0.0467,0.4846,0.0,0.394,0.3116,0.5736,0.0341,0.0455,0.0272,1.3422,0.0589
RatIgG2akisotypecontrol,0.0409,0.05,0.0068,0.0974,0.0556,0.803,0.0338,0.0823,0.0445,0.0123,0.0227,0.0494,0.0187,0.0,0.0155,0.0063,1.6823,1.1533,1.9563,2.0442,1.3177,0.0292,0.0918,0.0305,0.4442,0.0369
SSEA4,0.5075,0.6671,0.4649,0.684,0.5182,0.0971,0.1626,0.3656,0.1704,0.3535,0.1554,0.4252,0.1035,0.3388,0.1418,0.4313,0.4231,0.0762,0.476,0.5375,0.4041,0.428,0.4645,0.2622,0.5982,0.4077
SSEA5,0.0,0.0166,0.0,0.0122,0.0396,0.0115,0.0,0.0,0.0155,0.0,0.0,0.0019,0.0,0.0,0.0,0.0,0.1203,0.0123,0.1255,0.1269,0.0951,0.0095,0.011,0.0,0.0337,0.0106
SUSD2,0.1227,0.2412,0.0908,0.2643,0.1013,0.0429,0.1523,0.0741,0.1722,0.0899,0.1045,0.1113,0.1196,0.0649,0.0955,0.0784,0.3353,0.0962,0.3938,0.292,0.2981,0.0713,0.1972,0.1019,0.2063,0.1251
SialylLewisX,0.2262,0.2466,0.1572,0.3327,0.1962,1.3877,0.1299,0.0951,0.1588,0.082,0.1112,0.1524,0.0905,0.0784,0.081,0.0911,1.686,1.6413,0.5812,0.861,0.3008,0.446,0.7756,0.1034,0.1904,0.148
Siglec10,0.2331,0.483,0.1271,0.3491,0.2855,0.0628,0.0261,0.013,0.0722,0.0,0.0107,0.0323,0.0216,0.0117,0.0282,0.0,0.316,0.0654,0.5562,0.3088,1.1201,0.0515,0.1062,0.0569,0.1464,0.064
Siglec7,0.0,0.0085,0.0,0.0,0.0411,0.3374,0.0,0.0,0.0435,0.0,0.0,0.0014,0.0,0.0,0.0376,0.0,2.252,0.5832,2.9808,2.9556,1.7375,2.961,2.405,0.1072,0.1823,0.0442
Siglec8,0.0,0.0071,0.0,0.0603,0.0161,0.0063,0.0,0.0,0.0109,0.0,0.0,0.0023,0.0,0.0,0.0,0.0,0.1344,0.012,0.1479,0.1005,0.1114,0.0,0.0004,0.0,0.0168,0.0118
Siglec9,0.0,0.0084,0.0,0.0376,0.0077,0.0918,0.0019,0.2874,0.0591,0.0,0.0124,0.0335,0.0008,0.0421,0.0249,0.0,3.4729,2.2644,3.8411,3.9754,2.6787,0.4385,0.2677,0.3958,0.1283,0.0874
TCRab,0.1279,0.1655,0.103,0.2707,0.1407,0.1732,2.1092,1.9801,2.0975,2.2751,2.1101,1.2569,1.8925,2.0931,1.9767,1.8011,0.4645,0.2066,0.4652,0.4747,0.3546,0.2557,0.3311,2.2269,0.4294,0.2295
TCRgd,0.1084,0.2154,0.0904,0.216,0.1989,0.0712,0.1759,0.1238,0.1818,0.1148,0.1446,1.0345,0.124,0.1131,0.1551,0.0831,0.3021,0.2692,0.4463,0.3768,0.4241,0.1422,0.1146,0.1624,0.2344,3.2471
TIGIT,0.5052,0.3176,0.4813,0.4078,0.3603,0.0351,0.1928,0.0581,0.0984,0.0068,0.39,0.3501,0.3888,0.6834,0.1543,0.0338,0.4357,0.0267,1.4241,2.0637,0.272,0.4066,0.2872,0.3361,0.2007,0.3041
TLT2,0.4312,0.284,0.5283,0.3398,0.461,0.1364,0.1297,0.0859,0.1466,0.0769,0.1205,0.1341,0.1194,0.0657,0.0668,0.0581,0.3361,0.1746,0.4117,0.3237,0.325,0.1111,0.0796,0.1014,0.536,0.0792
TM4SF20,0.058,0.1269,0.0099,0.1451,0.0355,0.0769,0.1007,0.0894,0.1151,0.0509,0.0656,0.1021,0.0964,0.0885,0.0635,0.0644,0.2726,0.016,0.2777,0.2177,0.281,0.0718,0.0904,0.0545,0.1933,0.1093
TMEM8A,1.2087,1.4134,1.19,1.4087,1.2394,0.1125,0.2652,1.198,0.2766,1.0632,0.3972,0.8573,0.3258,1.0517,0.4812,1.1873,0.9586,0.2065,1.2226,1.5894,1.1043,1.1246,1.1624,1.106,1.1535,0.6433
TRA160R,0.0685,0.1422,0.0598,0.1907,0.1192,0.0457,0.0931,0.0593,0.1252,0.0615,0.0958,0.097,0.0569,0.0455,0.0312,0.0556,0.2761,0.0,0.3279,0.3399,0.2416,0.1091,0.1153,0.0709,0.1971,0.1368
TRA181,0.1118,0.1136,0.0592,0.1114,0.1064,0.0481,0.228,0.1244,0.2853,0.1116,0.226,0.1439,0.139,0.1,0.1232,0.0813,0.2291,0.096,0.5378,0.5255,0.3568,0.1605,0.155,0.1862,0.162,0.1354
TRA249,0.0904,0.1506,0.0142,0.0419,0.147,0.0132,0.0129,0.0346,0.041,0.0012,0.0,0.0443,0.0033,0.0,0.0,0.0,0.0867,0.588,0.226,0.1609,0.2048,0.0279,0.032,0.0062,0.1868,0.0318
TRA254,0.0462,0.0956,0.0,0.1666,0.0154,0.0256,0.0302,0.0349,0.0481,0.0,0.0112,0.0404,0.0058,0.0,0.0123,0.0,0.0913,0.5329,0.1589,0.1468,0.103,0.0134,0.087,0.0083,0.2258,0.0173
TSLPR,0.0,0.0604,0.0,0.0066,0.07,0.0,0.0158,0.0,0.054,0.0104,0.0112,0.0371,0.0,0.0,0.0044,0.0,0.1855,0.2047,0.189,0.1312,0.1091,0.0099,0.0547,0.0032,0.0905,0.022
Tim4,0.0529,0.1286,0.0366,0.2393,0.0507,0.0799,0.1006,0.0817,0.1207,0.0629,0.1038,0.0917,0.0904,0.0761,0.0512,0.0418,0.2954,0.0703,0.2909,0.2623,0.3167,0.0599,0.1204,0.1066,0.1899,0.0961
VEGFR3,0.0602,0.0873,0.0233,0.0649,0.064,0.0258,0.0807,0.0151,0.1163,0.0175,0.084,0.1394,0.1051,0.0046,0.0622,0.0156,0.2566,0.1539,0.3446,0.2976,0.2477,0.036,0.1318,0.0833,0.1852,0.1072
b2microglobulin,2.0618,2.4323,1.739,2.5122,2.8205,2.0201,2.0938,2.0868,2.3057,1.8044,2.3098,2.0919,2.0463,2.0184,2.0252,1.8189,2.3159,1.4105,2.4656,2.3807,2.0924,1.9188,1.9664,2.0651,1.8985,2.1837
erbB3HER3,0.0034,0.0727,0.0,0.0865,0.0486,0.0,0.0219,0.0905,0.0428,0.0036,0.0,0.0656,0.0,0.0,0.0154,0.0,0.3429,0.0237,1.0751,1.552,0.1856,0.0329,0.074,0.0104,0.1753,0.0007
gdTCR_Lyo,0.0,0.0005,0.0,0.0012,0.0006,0.0003,0.0,0.0,0.0001,0.0,0.0,0.0493,1.2068,1.2402,1.2498,1.2254,0.0012,0.0017,0.0018,0.0005,0.0002,0.5959,1.0849,1.0387,0.0004,2.6847
